seed,M,mu0,s,t,mean_micro,y_mean,mismatch,abs_mismatch
80,20000,0.3,0.0,0.0,0.29999999999999993,0.29999999999999993,0.0,0.0
80,20000,0.3,0.0,0.01,0.3009027081243731,0.30090270812437303,5.551115123125783e-17,5.551115123125783e-17
80,20000,0.3,0.0,0.02,0.30181086519114686,0.3018108651911468,5.551115123125783e-17,5.551115123125783e-17
80,20000,0.3,0.0,0.03,0.30272452068617556,0.3027245206861755,5.551115123125783e-17,5.551115123125783e-17
80,20000,0.3,0.0,0.04,0.30364372469635625,0.3036437246963562,5.551115123125783e-17,5.551115123125783e-17
80,20000,0.3,0.0,0.05,0.30456852791878164,0.30456852791878164,0.0,0.0
80,20000,0.3,0.0,0.06,0.3054989816700611,0.305498981670061,1.1102230246251565e-16,1.1102230246251565e-16
80,20000,0.3,0.0,0.07,0.306435137895812,0.306435137895812,0.0,0.0
80,20000,0.3,0.0,0.08,0.30737704918032793,0.3073770491803278,1.1102230246251565e-16,1.1102230246251565e-16
80,20000,0.3,0.0,0.09,0.30832476875642356,0.3083247687564234,1.6653345369377348e-16,1.6653345369377348e-16
80,20000,0.3,0.0,0.1,0.3092783505154638,0.3092783505154639,-5.551115123125783e-17,5.551115123125783e-17
80,20000,0.3,0.0,0.11,0.3102378490175802,0.31023784901758006,1.6653345369377348e-16,1.6653345369377348e-16
80,20000,0.3,0.0,0.12,0.3112033195020746,0.31120331950207464,-5.551115123125783e-17,5.551115123125783e-17
80,20000,0.3,0.0,0.13,0.31217481789802287,0.3121748178980228,5.551115123125783e-17,5.551115123125783e-17
80,20000,0.3,0.0,0.14,0.3131524008350731,0.313152400835073,1.1102230246251565e-16,1.1102230246251565e-16
80,20000,0.3,0.0,0.15,0.31413612565445026,0.3141361256544502,5.551115123125783e-17,5.551115123125783e-17
80,20000,0.3,0.0,0.16,0.31512605042016795,0.315126050420168,-5.551115123125783e-17,5.551115123125783e-17
80,20000,0.3,0.0,0.17,0.31612223393045313,0.316122233930453,1.1102230246251565e-16,1.1102230246251565e-16
80,20000,0.3,0.0,0.18,0.3171247357293868,0.3171247357293868,0.0,0.0
80,20000,0.3,0.0,0.19,0.3181336161187698,0.3181336161187698,0.0,0.0
80,20000,0.3,0.0,0.2,0.3191489361702127,0.31914893617021267,5.551115123125783e-17,5.551115123125783e-17
80,20000,0.3,0.0,0.21,0.32017075773745984,0.3201707577374599,-5.551115123125783e-17,5.551115123125783e-17
80,20000,0.3,0.0,0.22,0.3211991434689506,0.3211991434689507,-5.551115123125783e-17,5.551115123125783e-17
80,20000,0.3,0.0,0.23,0.322234156820623,0.3222341568206229,1.1102230246251565e-16,1.1102230246251565e-16
80,20000,0.3,0.0,0.24,0.3232758620689654,0.3232758620689654,0.0,0.0
80,20000,0.3,0.0,0.25,0.3243243243243243,0.32432432432432423,5.551115123125783e-17,5.551115123125783e-17
80,20000,0.3,0.0,0.26,0.32537960954446843,0.3253796095444685,-5.551115123125783e-17,5.551115123125783e-17
80,20000,0.3,0.0,0.27,0.32644178454842215,0.3264417845484221,5.551115123125783e-17,5.551115123125783e-17
80,20000,0.3,0.0,0.28,0.32751091703056756,0.3275109170305676,-5.551115123125783e-17,5.551115123125783e-17
80,20000,0.3,0.0,0.29,0.32858707557502737,0.3285870755750273,5.551115123125783e-17,5.551115123125783e-17
80,20000,0.3,0.0,0.3,0.32967032967032966,0.3296703296703296,5.551115123125783e-17,5.551115123125783e-17
80,20000,0.3,0.0,0.31,0.330760749724366,0.330760749724366,0.0,0.0
80,20000,0.3,0.0,0.32,0.331858407079646,0.3318584070796459,5.551115123125783e-17,5.551115123125783e-17
80,20000,0.3,0.0,0.33,0.3329633740288568,0.33296337402885673,5.551115123125783e-17,5.551115123125783e-17
80,20000,0.3,0.0,0.34,0.3340757238307349,0.33407572383073486,5.551115123125783e-17,5.551115123125783e-17
80,20000,0.3,0.0,0.35000000000000003,0.335195530726257,0.3351955307262569,1.1102230246251565e-16,1.1102230246251565e-16
80,20000,0.3,0.0,0.36,0.33632286995515687,0.33632286995515687,0.0,0.0
80,20000,0.3,0.0,0.37,0.33745781777277833,0.33745781777277833,0.0,0.0
80,20000,0.3,0.0,0.38,0.3386004514672685,0.3386004514672685,0.0,0.0
80,20000,0.3,0.0,0.39,0.33975084937712347,0.33975084937712335,1.1102230246251565e-16,1.1102230246251565e-16
80,20000,0.3,0.0,0.4,0.3409090909090909,0.34090909090909083,5.551115123125783e-17,5.551115123125783e-17
80,20000,0.3,0.0,0.41000000000000003,0.34207525655644233,0.34207525655644233,0.0,0.0
80,20000,0.3,0.0,0.42,0.34324942791762003,0.3432494279176201,-5.551115123125783e-17,5.551115123125783e-17
80,20000,0.3,0.0,0.43,0.3444316877152698,0.3444316877152697,5.551115123125783e-17,5.551115123125783e-17
80,20000,0.3,0.0,0.44,0.3456221198156682,0.34562211981566815,5.551115123125783e-17,5.551115123125783e-17
80,20000,0.3,0.0,0.45,0.3468208092485548,0.34682080924855485,-5.551115123125783e-17,5.551115123125783e-17
80,20000,0.3,0.0,0.46,0.34802784222737826,0.3480278422273781,1.6653345369377348e-16,1.6653345369377348e-16
80,20000,0.3,0.0,0.47000000000000003,0.349243306169965,0.349243306169965,0.0,0.0
80,20000,0.3,0.0,0.48,0.35046728971962615,0.35046728971962604,1.1102230246251565e-16,1.1102230246251565e-16
80,20000,0.3,0.0,0.49,0.35169988276670583,0.35169988276670566,1.6653345369377348e-16,1.6653345369377348e-16
80,20000,0.3,0.0,0.5,0.35294117647058815,0.35294117647058815,0.0,0.0
80,20000,0.3,0.0,0.51,0.35419126328217226,0.3541912632821723,-5.551115123125783e-17,5.551115123125783e-17
80,20000,0.3,0.0,0.52,0.35545023696682454,0.35545023696682454,0.0,0.0
80,20000,0.3,0.0,0.53,0.3567181926278239,0.35671819262782395,-5.551115123125783e-17,5.551115123125783e-17
80,20000,0.3,0.0,0.54,0.3579952267303102,0.35799522673031015,5.551115123125783e-17,5.551115123125783e-17
80,20000,0.3,0.0,0.55,0.3592814371257485,0.35928143712574845,5.551115123125783e-17,5.551115123125783e-17
80,20000,0.3,0.0,0.56,0.3605769230769231,0.36057692307692296,1.1102230246251565e-16,1.1102230246251565e-16
80,20000,0.3,0.0,0.5700000000000001,0.3618817852834741,0.361881785283474,1.1102230246251565e-16,1.1102230246251565e-16
80,20000,0.3,0.0,0.58,0.36319612590799016,0.3631961259079902,-5.551115123125783e-17,5.551115123125783e-17
80,20000,0.3,0.0,0.59,0.36452004860267306,0.36452004860267306,0.0,0.0
80,20000,0.3,0.0,0.6,0.3658536585365854,0.36585365853658525,1.6653345369377348e-16,1.6653345369377348e-16
80,20000,0.3,0.0,0.61,0.36719706242350075,0.36719706242350053,2.220446049250313e-16,2.220446049250313e-16
80,20000,0.3,0.0,0.62,0.3685503685503685,0.36855036855036843,5.551115123125783e-17,5.551115123125783e-17
80,20000,0.3,0.0,0.63,0.3699136868064119,0.36991368680641173,1.6653345369377348e-16,1.6653345369377348e-16
80,20000,0.3,0.0,0.64,0.37128712871287123,0.3712871287128712,5.551115123125783e-17,5.551115123125783e-17
80,20000,0.3,0.0,0.65,0.3726708074534163,0.372670807453416,2.7755575615628914e-16,2.7755575615628914e-16
80,20000,0.3,0.0,0.66,0.37406483790523676,0.3740648379052368,-5.551115123125783e-17,5.551115123125783e-17
80,20000,0.3,0.0,0.67,0.3754693366708386,0.3754693366708384,1.6653345369377348e-16,1.6653345369377348e-16
80,20000,0.3,0.0,0.68,0.3768844221105528,0.3768844221105527,1.1102230246251565e-16,1.1102230246251565e-16
80,20000,0.3,0.0,0.6900000000000001,0.37831021437578816,0.37831021437578805,1.1102230246251565e-16,1.1102230246251565e-16
80,20000,0.3,0.0,0.7000000000000001,0.379746835443038,0.3797468354430379,1.1102230246251565e-16,1.1102230246251565e-16
80,20000,0.3,0.0,0.71,0.3811944091486658,0.3811944091486657,1.1102230246251565e-16,1.1102230246251565e-16
80,20000,0.3,0.0,0.72,0.3826530612244898,0.3826530612244897,5.551115123125783e-17,5.551115123125783e-17
80,20000,0.3,0.0,0.73,0.384122919334187,0.38412291933418685,1.6653345369377348e-16,1.6653345369377348e-16
80,20000,0.3,0.0,0.74,0.3856041131105397,0.38560411311053977,-5.551115123125783e-17,5.551115123125783e-17
80,20000,0.3,0.0,0.75,0.3870967741935483,0.38709677419354827,5.551115123125783e-17,5.551115123125783e-17
80,20000,0.3,0.0,0.76,0.38860103626942993,0.38860103626942993,0.0,0.0
80,20000,0.3,0.0,0.77,0.3901170351105331,0.3901170351105331,0.0,0.0
80,20000,0.3,0.0,0.78,0.39164490861618795,0.3916449086161879,5.551115123125783e-17,5.551115123125783e-17
80,20000,0.3,0.0,0.79,0.3931847968545216,0.3931847968545215,1.1102230246251565e-16,1.1102230246251565e-16
80,20000,0.3,0.0,0.8,0.3947368421052631,0.39473684210526305,5.551115123125783e-17,5.551115123125783e-17
80,20000,0.3,0.0,0.81,0.39630118890356675,0.39630118890356664,1.1102230246251565e-16,1.1102230246251565e-16
80,20000,0.3,0.0,0.8200000000000001,0.39787798408488056,0.39787798408488056,0.0,0.0
80,20000,0.3,0.0,0.8300000000000001,0.39946737683089223,0.39946737683089206,1.6653345369377348e-16,1.6653345369377348e-16
80,20000,0.3,0.0,0.84,0.4010695187165776,0.4010695187165775,1.1102230246251565e-16,1.1102230246251565e-16
80,20000,0.3,0.0,0.85,0.4026845637583892,0.4026845637583891,5.551115123125783e-17,5.551115123125783e-17
80,20000,0.3,0.0,0.86,0.4043126684636118,0.40431266846361175,5.551115123125783e-17,5.551115123125783e-17
80,20000,0.3,0.0,0.87,0.4059539918809201,0.40595399188092,5.551115123125783e-17,5.551115123125783e-17
80,20000,0.3,0.0,0.88,0.4076086956521739,0.40760869565217384,5.551115123125783e-17,5.551115123125783e-17
80,20000,0.3,0.0,0.89,0.4092769440654844,0.40927694406548415,2.7755575615628914e-16,2.7755575615628914e-16
80,20000,0.3,0.0,0.9,0.4109589041095889,0.41095890410958896,-5.551115123125783e-17,5.551115123125783e-17
80,20000,0.3,0.0,0.91,0.41265474552957365,0.41265474552957343,2.220446049250313e-16,2.220446049250313e-16
80,20000,0.3,0.0,0.92,0.4143646408839779,0.41436464088397784,5.551115123125783e-17,5.551115123125783e-17
80,20000,0.3,0.0,0.93,0.4160887656033286,0.4160887656033286,0.0,0.0
80,20000,0.3,0.0,0.9400000000000001,0.41782729805013924,0.4178272980501392,5.551115123125783e-17,5.551115123125783e-17
80,20000,0.3,0.0,0.9500000000000001,0.4195804195804197,0.4195804195804194,2.7755575615628914e-16,2.7755575615628914e-16
80,20000,0.3,0.0,0.96,0.4213483146067416,0.42134831460674144,1.6653345369377348e-16,1.6653345369377348e-16
80,20000,0.3,0.0,0.97,0.4231311706629055,0.42313117066290534,1.6653345369377348e-16,1.6653345369377348e-16
80,20000,0.3,0.0,0.98,0.4249291784702551,0.4249291784702548,2.7755575615628914e-16,2.7755575615628914e-16
80,20000,0.3,0.0,0.99,0.4267425320056899,0.4267425320056898,1.1102230246251565e-16,1.1102230246251565e-16
80,20000,0.3,0.0,1.0,0.4285714285714288,0.42857142857142844,3.885780586188048e-16,3.885780586188048e-16
80,20000,0.3,0.1,0.0,0.2995928312225191,0.2995928312225191,0.0,0.0
80,20000,0.3,0.1,0.01,0.3005935523009272,0.3004930869693987,0.00010046533152852088,0.00010046533152852088
80,20000,0.3,0.1,0.02,0.30160152118022354,0.301398769435764,0.00020275174445955058,0.00020275174445955058
80,20000,0.3,0.1,0.03,0.30261682204044665,0.30230992783815036,0.00030689420229629283,0.00030689420229629283
80,20000,0.3,0.1,0.04,0.3036395404425734,0.3032266119900435,0.00041292845252988153,0.00041292845252988153
80,20000,0.3,0.1,0.05,0.3046697633583116,0.30414887231095794,0.0005208910473536443,0.0005208910473536443
80,20000,0.3,0.1,0.06,0.30570757920070074,0.30507675983568094,0.0006308193650197969,0.0006308193650197969
80,20000,0.3,0.1,0.07,0.3067530778555457,0.3060103262236868,0.0007427516318588845,0.0007427516318588845
80,20000,0.3,0.1,0.08,0.3078063507137123,0.3069496237687238,0.0008567269449885062,0.0008567269449885062
80,20000,0.3,0.1,0.09,0.3088674907043129,0.30789470540857933,0.0009727852957335803,0.0009727852957335803
80,20000,0.3,0.1,0.1,0.309936592328811,0.30884562473502447,0.0010909675937865182,0.0010909675937865182
80,20000,0.3,0.1,0.11,0.3110137516960777,0.3098024360039452,0.0012113156921325086,0.0012113156921325086
80,20000,0.3,0.1,0.12,0.3120990665584313,0.31076519414566084,0.0013338724127704427,0.0013338724127704427
80,20000,0.3,0.1,0.13,0.3131926363486924,0.31173395477543664,0.0014586815732557379,0.0014586815732557379
80,20000,0.3,0.1,0.14,0.31429456221829194,0.3127087742041932,0.0015857880140987546,0.0015857880140987546
80,20000,0.3,0.1,0.15,0.3154049470764667,0.31368970944941715,0.0017152376270495595,0.0017152376270495595
80,20000,0.3,0.1,0.16,0.31652389563058025,0.3146768182462786,0.0018470773843016763,0.0018470773843016763
80,20000,0.3,0.1,0.17,0.3176515144276094,0.3156701590589583,0.0019813553686511276,0.0019813553686511276
80,20000,0.3,0.1,0.18,0.3187879118968371,0.3166697910921907,0.002118120804646406,0.002118120804646406
80,20000,0.3,0.1,0.19,0.3199331983937935,0.31767577430302657,0.0022574240907669574,0.0022574240907669574
80,20000,0.3,0.1,0.2,0.3210874862454916,0.3186881694128209,0.002399316832670695,0.002399316832670695
80,20000,0.3,0.1,0.21,0.32225088979700184,0.3197070379194503,0.0025438518775515173,0.0025438518775515173
80,20000,0.3,0.1,0.22,0.32342352545941566,0.3207324421097662,0.002691083349649459,0.002691083349649459
80,20000,0.3,0.1,0.23,0.3246055117592481,0.32176444507228746,0.0028410666869606582,0.0028410666869606582
80,20000,0.3,0.1,0.24,0.32579696938933095,0.32280311071014,0.0029938586791909416,0.0029938586791909416
80,20000,0.3,0.1,0.25,0.3269980212612542,0.32384850375424695,0.00314951750700726,0.00314951750700726
80,20000,0.3,0.1,0.26,0.32820879255940977,0.32490068977677633,0.0033081027826334375,0.0033081027826334375
80,20000,0.3,0.1,0.27,0.3294294107967004,0.32595973520485144,0.003469675591848964,0.003469675591848964
80,20000,0.3,0.1,0.28,0.3306600058719742,0.32702570733453085,0.003634298537443348,0.003634298537443348
80,20000,0.3,0.1,0.29,0.3319007101292521,0.328098674345063,0.003802035784189084,0.003802035784189084
80,20000,0.3,0.1,0.3,0.3331516584188147,0.3291787053134226,0.003972953105392141,0.003972953105392141
80,20000,0.3,0.1,0.31,0.33441298816022186,0.330265870229135,0.004147117931086852,0.004147117931086852
80,20000,0.3,0.1,0.32,0.33568483940733806,0.33136024000939535,0.004324599397942719,0.004324599397942719
80,20000,0.3,0.1,0.33,0.3369673549154432,0.33246188651448955,0.004505468400953672,0.004505468400953672
80,20000,0.3,0.1,0.34,0.33826068021051015,0.33357088256352324,0.004689797646986904,0.004689797646986904
80,20000,0.3,0.1,0.35000000000000003,0.3395649636607337,0.3346873019504675,0.004877661710266212,0.004877661710266212
80,20000,0.3,0.1,0.36,0.34088035655040305,0.33581121946052683,0.005069137089876219,0.005069137089876219
80,20000,0.3,0.1,0.37,0.34220701315620927,0.3369427108868393,0.005264302269369969,0.005264302269369969
80,20000,0.3,0.1,0.38,0.34354509082608786,0.3380818530475141,0.005463237778573771,0.005463237778573771
80,20000,0.3,0.1,0.39,0.3448947500606993,0.3392287238030167,0.005666026257682588,0.005666026257682588
80,20000,0.3,0.1,0.4,0.34625615459765524,0.3403834020739093,0.005872752523745917,0.005872752523745917
80,20000,0.3,0.1,0.41000000000000003,0.3476294714986054,0.34154596785895397,0.006083503639651433,0.006083503639651433
80,20000,0.3,0.1,0.42,0.34901487123930275,0.3427165022535883,0.006298368985714453,0.006298368985714453
80,20000,0.3,0.1,0.43,0.3504125278027732,0.3438950874687832,0.006517440333989988,0.006517440333989988
80,20000,0.3,0.1,0.44,0.35182261877572124,0.3450818068502899,0.006740811925431356,0.006740811925431356
80,20000,0.3,0.1,0.45,0.35324532544830883,0.34627674489828725,0.006968580550021586,0.006968580550021586
80,20000,0.3,0.1,0.46,0.35468083291745406,0.3474799872874392,0.007200845630014885,0.007200845630014885
80,20000,0.3,0.1,0.47000000000000003,0.35612933019380133,0.348691620887371,0.00743770930643034,0.00743770930643034
80,20000,0.3,0.1,0.48,0.3575910103125236,0.34991173378357604,0.007679276528947565,0.007679276528947565
80,20000,0.3,0.1,0.49,0.3590660704481267,0.35114041529876283,0.007925655149363886,0.007925655149363886
80,20000,0.3,0.1,0.5,0.36055471203343276,0.3523777560146531,0.008176956018779657,0.008176956018779657
80,20000,0.3,0.1,0.51,0.3620571408829303,0.3536238477942431,0.008433293088687177,0.008433293088687177
80,20000,0.3,0.1,0.52,0.3635735673206895,0.3548787838045382,0.008694783516151328,0.008694783516151328
80,20000,0.3,0.1,0.53,0.36510420631305013,0.3561426585397733,0.008961547773276846,0.008961547773276846
80,20000,0.3,0.1,0.54,0.3666492776063015,0.35741556784513195,0.00923370976116955,0.00923370976116955
80,20000,0.3,0.1,0.55,0.3682090058695875,0.35869760894097524,0.009511396928612248,0.009511396928612248
80,20000,0.3,0.1,0.56,0.36978362084328076,0.35998888044759414,0.009794740395686619,0.009794740395686619
80,20000,0.3,0.1,0.5700000000000001,0.3713733574930842,0.3612894824104986,0.010083875082585625,0.010083875082585625
80,20000,0.3,0.1,0.58,0.3729784561701347,0.3625995163262567,0.010378939843877999,0.010378939843877999
80,20000,0.3,0.1,0.59,0.3745991627773954,0.36391908516889804,0.010680077608497374,0.010680077608497374
80,20000,0.3,0.1,0.6,0.3762357289426455,0.36524829341689585,0.010987435525749656,0.010987435525749656
80,20000,0.3,0.1,0.61,0.37788841219838804,0.36658724708074225,0.011301165117645784,0.011301165117645784
80,20000,0.3,0.1,0.62,0.3795574761690207,0.3679360537311327,0.011621422437887996,0.011621422437887996
80,20000,0.3,0.1,0.63,0.38124319076563146,0.3692948225277748,0.011948368237856666,0.011948368237856666
80,20000,0.3,0.1,0.64,0.382945832388805,0.3706636642488375,0.012282168139967464,0.012282168139967464
80,20000,0.3,0.1,0.65,0.38466568413984664,0.37204269132105816,0.012622992818788481,0.012622992818788481
80,20000,0.3,0.1,0.66,0.38640303604086085,0.37343201785052377,0.01297101819033708,0.01297101819033708
80,20000,0.3,0.1,0.67,0.38815818526414025,0.37483175965414484,0.013326425609995418,0.013326425609995418
80,20000,0.3,0.1,0.68,0.38993143637135824,0.3762420342918395,0.013689402079518742,0.013689402079518742
80,20000,0.3,0.1,0.6900000000000001,0.3917231015630839,0.37766296109944686,0.014060140463637016,0.014060140463637016
80,20000,0.3,0.1,0.7000000000000001,0.3935335009391734,0.3790946612223893,0.014438839716784113,0.014438839716784113
80,20000,0.3,0.1,0.71,0.3953629627706282,0.3805372576501029,0.014825705120525334,0.014825705120525334
80,20000,0.3,0.1,0.72,0.3972118237835471,0.38199087525125763,0.015220948532289447,0.015220948532289447
80,20000,0.3,0.1,0.73,0.39908042945584316,0.3834556408097873,0.015624788646055876,0.015624788646055876
80,20000,0.3,0.1,0.74,0.400969134327441,0.3849316830617516,0.01603745126568945,0.01603745126568945
80,20000,0.3,0.1,0.75,0.4028783023247158,0.3864191327330536,0.01645916959166216,0.01645916959166216
80,20000,0.3,0.1,0.76,0.4048083070999915,0.387918122578034,0.016890184521957508,0.016890184521957508
80,20000,0.3,0.1,0.77,0.40675953238697005,0.389428787418968,0.01733074496800202,0.01733074496800202
80,20000,0.3,0.1,0.78,0.40873237237302457,0.39095126418648857,0.017781108186536,0.017781108186536
80,20000,0.3,0.1,0.79,0.410727232089357,0.39248569196096106,0.01824154012839596,0.01824154012839596
80,20000,0.3,0.1,0.8,0.4127445278200917,0.3940322120148365,0.018712315805255175,0.018712315805255175
80,20000,0.3,0.1,0.81,0.4147846875314534,0.3955909678560105,0.019193719675442922,0.019193719675442922
80,20000,0.3,0.1,0.8200000000000001,0.41684815132226705,0.3971621052722142,0.019686046050052863,0.019686046050052863
80,20000,0.3,0.1,0.8300000000000001,0.4189353718971018,0.39874577237646847,0.020189599520633317,0.020189599520633317
80,20000,0.3,0.1,0.84,0.42104681506349007,0.40034211965362965,0.02070469540986042,0.02070469540986042
80,20000,0.3,0.1,0.85,0.42318296025475455,0.40195130000805723,0.021231660246697315,0.021231660246697315
80,20000,0.3,0.1,0.86,0.4253443010800999,0.4035734688124365,0.02177083226766341,0.02177083226766341
80,20000,0.3,0.1,0.87,0.4275313459037547,0.4052087839577876,0.0223225619459671,0.0223225619459671
80,20000,0.3,0.1,0.88,0.42974461845509004,0.4068574059046962,0.02288721255039383,0.02288721255039383
80,20000,0.3,0.1,0.89,0.4319846584717997,0.408519497735799,0.02346516073600069,0.02346516073600069
80,20000,0.3,0.1,0.9,0.4342520223783945,0.4101952252095613,0.02405679716883319,0.02405679716883319
80,20000,0.3,0.1,0.91,0.4365472840024537,0.411884756815384,0.024662527187069683,0.024662527187069683
80,20000,0.3,0.1,0.92,0.43887103533127975,0.41358826383007746,0.025282771501202284,0.025282771501202284
80,20000,0.3,0.1,0.93,0.44122388731183043,0.4153059203757431,0.025917966936087333,0.025917966936087333
80,20000,0.3,0.1,0.9400000000000001,0.4436064706970513,0.4170379034791027,0.02656856721794859,0.02656856721794859
80,20000,0.3,0.1,0.9500000000000001,0.44601943694200724,0.4187843931323194,0.02723504380968783,0.02723504380968783
80,20000,0.3,0.1,0.96,0.44846345915351576,0.42054557235535256,0.027917886798163205,0.027917886798163205
80,20000,0.3,0.1,0.97,0.45093923309732037,0.42232162725989314,0.02861760583742723,0.02861760583742723
80,20000,0.3,0.1,0.98,0.4534474782672163,0.4241127471149255,0.029334731152290794,0.029334731152290794
80,20000,0.3,0.1,0.99,0.4559889390209555,0.42591912441396546,0.030069814606990042,0.030069814606990042
80,20000,0.3,0.1,1.0,0.4585643857882146,0.4277409549440229,0.0308234308441917,0.0308234308441917
80,20000,0.3,0.2,0.0,0.3006275353850432,0.3006275353850432,0.0,0.0
80,20000,0.3,0.2,0.01,0.3019325892828428,0.3015340297068983,0.00039855957594447933,0.00039855957594447933
80,20000,0.3,0.2,0.02,0.3032503446988516,0.3024460073405198,0.000804337358331797,0.000804337358331797
80,20000,0.3,0.2,0.03,0.3045810108352111,0.30336351818901014,0.0012174926462009683,0.0012174926462009683
80,20000,0.3,0.2,0.04,0.3059248018663946,0.3042866127628657,0.0016381891035288643,0.0016381891035288643
80,20000,0.3,0.2,0.05,0.3072819370976607,0.305215342189246,0.0020665949084147095,0.0020665949084147095
80,20000,0.3,0.2,0.06,0.3086526411299084,0.30614975822141305,0.002502882908495374,0.002502882908495374
80,20000,0.3,0.2,0.07,0.31003714403125004,0.3070899132483452,0.0029472307829048194,0.0029472307829048194
80,20000,0.3,0.2,0.08,0.3114356815156395,0.3080358603045282,0.00339982121111132,0.00339982121111132
80,20000,0.3,0.2,0.09,0.31284849512890645,0.30898765307992765,0.0038608420489787965,0.0038608420489787965
80,20000,0.3,0.2,0.1,0.3142758324425761,0.3099453459301477,0.0043304865124284,0.0043304865124284
80,20000,0.3,0.2,0.11,0.3157179472558703,0.310908993886778,0.004808953369092317,0.004808953369092317
80,20000,0.3,0.2,0.12,0.31717509980631464,0.3118786526679356,0.005296447138379068,0.005296447138379068
80,20000,0.3,0.2,0.13,0.3186475569893991,0.31285437868900345,0.005793178300395663,0.005793178300395663
80,20000,0.3,0.2,0.14,0.3201355925877697,0.3138362290735726,0.006299363514197076,0.006299363514197076
80,20000,0.3,0.2,0.15,0.3216394875104566,0.31482426166458943,0.00681522584586719,0.00681522584586719
80,20000,0.3,0.2,0.16,0.3231595300426793,0.31581853503571555,0.007340995006963724,0.007340995006963724
80,20000,0.3,0.2,0.17,0.3246960161067981,0.3168191085029026,0.007876907603895478,0.007876907603895478
80,20000,0.3,0.2,0.18,0.3262492495350255,0.3178260421361886,0.008423207398836896,0.008423207398836896
80,20000,0.3,0.2,0.19,0.3278195423545448,0.318839396771719,0.008980145582825783,0.008980145582825783
80,20000,0.3,0.2,0.2,0.3294072150857288,0.31985923402399974,0.00954798106172905,0.00954798106172905
80,20000,0.3,0.2,0.21,0.33101259705419617,0.32088561629838497,0.010126980755811199,0.010126980755811199
80,20000,0.3,0.2,0.22,0.3326360267174946,0.3219186068038066,0.01071741991368802,0.01071741991368802
80,20000,0.3,0.2,0.23,0.3342778520072509,0.3229582695657503,0.011319582441500609,0.011319582441500609
80,20000,0.3,0.2,0.24,0.3359384306876866,0.3240046694394843,0.01193376124820228,0.01193376124820228
80,20000,0.3,0.2,0.25,0.33761813073146174,0.3250578721235452,0.012560258607916541,0.012560258607916541
80,20000,0.3,0.2,0.26,0.3393173307138727,0.3261179441734886,0.013199386540384106,0.013199386540384106
80,20000,0.3,0.2,0.27,0.34103642022650854,0.32718495301590905,0.013851467210599488,0.013851467210599488
80,20000,0.3,0.2,0.28,0.3427758003115421,0.3282589669627366,0.014516833348805491,0.014516833348805491
80,20000,0.3,0.2,0.29,0.344535883917924,0.3293400552258154,0.015195828692108615,0.015195828692108615
80,20000,0.3,0.2,0.3,0.34631709638083585,0.3304282879317716,0.015888808449064262,0.015888808449064262
80,20000,0.3,0.2,0.31,0.3481198759258614,0.3315237361371771,0.016596139788684294,0.016596139788684294
80,20000,0.3,0.2,0.32,0.3499446741994418,0.33262647184401567,0.017318202355426138,0.017318202355426138
80,20000,0.3,0.2,0.33,0.35179195682730285,0.3337365680154588,0.018055388811844042,0.018055388811844042
80,20000,0.3,0.2,0.34,0.35366220400266685,0.3348540985919587,0.018808105410708154,0.018808105410708154
80,20000,0.3,0.2,0.35000000000000003,0.35555591110620655,0.3359791385076656,0.01957677259854096,0.01957677259854096
80,20000,0.3,0.2,0.36,0.3574735893598478,0.33711176370717694,0.020361825652670862,0.020361825652670862
80,20000,0.3,0.2,0.37,0.3594157665166992,0.338252051162627,0.021163715354072188,0.021163715354072188
80,20000,0.3,0.2,0.38,0.3613829875895656,0.3394000788911238,0.021982908698441828,0.021982908698441828
80,20000,0.3,0.2,0.39,0.36337581562070564,0.34055592597254297,0.022819889648162672,0.022819889648162672
80,20000,0.3,0.2,0.4,0.36539483249570975,0.3417196725676862,0.023675159928023548,0.023675159928023548
80,20000,0.3,0.2,0.41000000000000003,0.36744063980461744,0.34289139993681306,0.024549239867804384,0.024549239867804384
80,20000,0.3,0.2,0.42,0.3695138597536533,0.3440711904585556,0.025442669295097697,0.025442669295097697
80,20000,0.3,0.2,0.43,0.37161513613125297,0.3452591276492251,0.02635600848202785,0.02635600848202785
80,20000,0.3,0.2,0.44,0.37374513533236614,0.34645529618251947,0.027289839149846673,0.027289839149846673
80,20000,0.3,0.2,0.45,0.375904547445376,0.34765978190964203,0.028244765535733962,0.028244765535733962
80,20000,0.3,0.2,0.46,0.37809408740635947,0.34887267187984183,0.029221415526517636,0.029221415526517636
80,20000,0.3,0.2,0.47000000000000003,0.38031449622583874,0.35009405436138485,0.030220441864453884,0.030220441864453884
80,20000,0.3,0.2,0.48,0.38256654229364795,0.3513240188629676,0.031242523430680347,0.031242523430680347
80,20000,0.3,0.2,0.49,0.3848510227680577,0.3525626561555834,0.032288366612474306,0.032288366612474306
80,20000,0.3,0.2,0.5,0.38716876505588144,0.35381005829485335,0.03335870676102809,0.03335870676102809
80,20000,0.3,0.2,0.51,0.3895206283909273,0.3550663186438325,0.03445430974709485,0.03445430974709485
80,20000,0.3,0.2,0.52,0.39190750551887377,0.35633153189630384,0.03557597362256992,0.03557597362256992
80,20000,0.3,0.2,0.53,0.3943303244974419,0.35760579410057236,0.036724530396869515,0.036724530396869515
80,20000,0.3,0.2,0.54,0.3967900506216217,0.3588892026837709,0.03790084793785081,0.03790084793785081
80,20000,0.3,0.2,0.55,0.3992876884847012,0.36018185647669165,0.039105832008009545,0.039105832008009545
80,20000,0.3,0.2,0.56,0.4018242841869494,0.3614838557391565,0.0403404284477929,0.0403404284477929
80,20000,0.3,0.2,0.5700000000000001,0.4044009277050483,0.36279530218593875,0.04160562551910957,0.04160562551910957
80,20000,0.3,0.2,0.58,0.40701875543675725,0.36411629901325215,0.0429024564235051,0.0429024564235051
80,20000,0.3,0.2,0.59,0.40967895293685486,0.36544695092582,0.04423200201103483,0.04423200201103483
80,20000,0.3,0.2,0.6,0.41238275786217093,0.36678736416454055,0.04559539369763038,0.04559539369763038
80,20000,0.3,0.2,0.61,0.41513146314550087,0.3681376465347627,0.04699381661073815,0.04699381661073815
80,20000,0.3,0.2,0.62,0.4179264204204478,0.36949790743518984,0.048428512985257965,0.048428512985257965
80,20000,0.3,0.2,0.63,0.420769043721778,0.3708682578874252,0.04990078583435276,0.04990078583435276
80,20000,0.3,0.2,0.64,0.42366081348876766,0.37224881056617865,0.05141200292258902,0.05141200292258902
80,20000,0.3,0.2,0.65,0.4266032809023032,0.3736396798301497,0.05296360107215353,0.05296360107215353
80,20000,0.3,0.2,0.66,0.4295980725902431,0.3750409817536057,0.0545570908366374,0.0545570908366374
80,20000,0.3,0.2,0.67,0.4326468957398309,0.37645283415867364,0.05619406158115725,0.05619406158115725
80,20000,0.3,0.2,0.68,0.43575154366084917,0.37787535664836364,0.057876187012485536,0.057876187012485536
80,20000,0.3,0.2,0.6900000000000001,0.4389139018488311,0.379308670640344,0.0596052312084871,0.0596052312084871
80,20000,0.3,0.2,0.7000000000000001,0.44213595460412225,0.3807528994014884,0.061383055202633874,0.061383055202633874
80,20000,0.3,0.2,0.71,0.4454197922700544,0.3822081680832145,0.0632116241868399,0.0632116241868399
80,20000,0.3,0.2,0.72,0.4487676191621385,0.38367460375763707,0.06509301540450141,0.06509301540450141
80,20000,0.3,0.2,0.73,0.452181762270207,0.3851523354545556,0.06702942681565138,0.06702942681565138
80,20000,0.3,0.2,0.74,0.4556646808271017,0.3866414941993006,0.0690231866278011,0.0690231866278011
80,20000,0.3,0.2,0.75,0.4592189768511116,0.388142213051461,0.07107676379965061,0.07107676379965061
80,20000,0.3,0.2,0.76,0.46284740678529607,0.3896546271445172,0.07319277964077886,0.07319277964077886
80,20000,0.3,0.2,0.77,0.4665528943755298,0.3911788737264039,0.0753740206491259,0.0753740206491259
80,20000,0.3,0.2,0.78,0.470338544951145,0.3927150922010295,0.0776234527501155,0.0776234527501155
80,20000,0.3,0.2,0.79,0.47420766129809117,0.3942634241707767,0.07994423712731447,0.07994423712731447
80,20000,0.3,0.2,0.8,0.47816376134544464,0.3958240134800132,0.08233974786543141,0.08233974786543141
80,20000,0.3,0.2,0.81,0.48221059792290377,0.39739700625963953,0.08481359166326424,0.08481359166326424
80,20000,0.3,0.2,0.8200000000000001,0.48635218089091575,0.3989825509727034,0.08736962991821234,0.08736962991821234
80,20000,0.3,0.2,0.8300000000000001,0.49059280199791266,0.4005807984611104,0.09001200353680228,0.09001200353680228
80,20000,0.3,0.2,0.84,0.4949370628828301,0.40219190199346166,0.09274516088936846,0.09274516088936846
80,20000,0.3,0.2,0.85,0.49938990671822314,0.4038160173140513,0.09557388940417183,0.09557388940417183
80,20000,0.3,0.2,0.86,0.5039566540831522,0.40545330269305474,0.09850335139009742,0.09850335139009742
80,20000,0.3,0.2,0.87,0.5086430437697763,0.4071039189779437,0.10153912479183264,0.10153912479183264
80,20000,0.3,0.2,0.88,0.5134552793686386,0.40876802964616205,0.1046872497224765,0.1046872497224765
80,20000,0.3,0.2,0.89,0.5184000826519127,0.4104458008590992,0.10795428179281352,0.10795428179281352
80,20000,0.3,0.2,0.9,0.5234847549904845,0.4121374015173972,0.11134735347308733,0.11134735347308733
80,20000,0.3,0.2,0.91,0.5287172483115097,0.413843003317632,0.11487424499387766,0.11487424499387766
80,20000,0.3,0.2,0.92,0.5341062474437707,0.4155627808104081,0.11854346663336257,0.11854346663336257
80,20000,0.3,0.2,0.93,0.5396612661296037,0.4172969114599069,0.12236435466969686,0.12236435466969686
80,20000,0.3,0.2,0.9400000000000001,0.5453927595324736,0.41904557570493295,0.12634718382754062,0.12634718382754062
80,20000,0.3,0.2,0.9500000000000001,0.5513122567764114,0.4208089570215016,0.13050329975490976,0.13050329975490976
80,20000,0.3,0.2,0.96,0.5574325179694192,0.4225872419870131,0.1348452759824061,0.1348452759824061
80,20000,0.3,0.2,0.97,0.5637677213592462,0.4243806203460609,0.13938710101318535,0.13938710101318535
80,20000,0.3,0.2,0.98,0.5703336878465237,0.42618928507792303,0.1441444027686007,0.1441444027686007
80,20000,0.3,0.2,0.99,0.5771481521780057,0.4280134324657864,0.14913471971221937,0.14913471971221937
80,20000,0.3,0.2,1.0,0.5842310929625084,0.42985326216775677,0.15437783079475165,0.15437783079475165
80,20000,0.3,0.30000000000000004,0.0,0.29704193772740284,0.29704193772740284,0.0,0.0
80,20000,0.3,0.30000000000000004,0.01,0.2987694868668076,0.2979269055807512,0.0008425812860564097,0.0008425812860564097
80,20000,0.3,0.30000000000000004,0.02,0.3005164448853145,0.29881716230575295,0.001699282579561534,0.001699282579561534
80,20000,0.3,0.30000000000000004,0.03,0.30228320897664246,0.2997127554566769,0.002570453519965543,0.002570453519965543
80,20000,0.3,0.30000000000000004,0.04,0.30407018720213963,0.3006137331596108,0.0034564540425288115,0.0034564540425288115
80,20000,0.3,0.30000000000000004,0.05,0.30587779889514194,0.3015201441210814,0.0043576547740605265,0.0043576547740605265
80,20000,0.3,0.30000000000000004,0.06,0.3077064750835896,0.30243203763683235,0.005274437446757263,0.005274437446757263
80,20000,0.3,0.30000000000000004,0.07,0.30955665893190637,0.30334946360076054,0.006207195331145832,0.006207195331145832
80,20000,0.3,0.30000000000000004,0.08,0.311428806203209,0.30427247251401657,0.00715633368919244,0.00715633368919244
80,20000,0.3,0.30000000000000004,0.09,0.31332338574298724,0.3052011154942713,0.008122270248715924,0.008122270248715924
80,20000,0.3,0.30000000000000004,0.1,0.3152408799854617,0.30613544428515294,0.00910543570030875,0.00910543570030875
80,20000,0.3,0.30000000000000004,0.11,0.3171817854839144,0.3070755112658576,0.010106274218056821,0.010106274218056821
80,20000,0.3,0.30000000000000004,0.12,0.3191466134663656,0.3080213694609379,0.011125244005427692,0.011125244005427692
80,20000,0.3,0.30000000000000004,0.13,0.3211358904180656,0.3089730725502728,0.01216281786779283,0.01216281786779283
80,20000,0.3,0.30000000000000004,0.14,0.3231501586923683,0.3099306748792229,0.013219483813145416,0.013219483813145416
80,20000,0.3,0.30000000000000004,0.15,0.3251899771516606,0.3108942314689752,0.014295745682685379,0.014295745682685379
80,20000,0.3,0.30000000000000004,0.16,0.32725592184013547,0.3118637980270815,0.015392123813053993,0.015392123813053993
80,20000,0.3,0.30000000000000004,0.17,0.32934858669032174,0.31283943095819405,0.01650915573212769,0.01650915573212769
80,20000,0.3,0.30000000000000004,0.18,0.33146858426541653,0.31382118737500425,0.01764739689041228,0.01764739689041228
80,20000,0.3,0.30000000000000004,0.19,0.33361654653961303,0.3148091251093874,0.018807421430225624,0.018807421430225624
80,20000,0.3,0.30000000000000004,0.2,0.3357931257187695,0.3158033027237586,0.019989822995010897,0.019989822995010897
80,20000,0.3,0.30000000000000004,0.21,0.3379989951039386,0.3168037795226448,0.02119521558129378,0.02119521558129378
80,20000,0.3,0.30000000000000004,0.22,0.34023485000045667,0.31781061556447726,0.022424234435979407,0.022424234435979407
80,20000,0.3,0.30000000000000004,0.23,0.34250140867549256,0.31882387167360965,0.02367753700188291,0.02367753700188291
80,20000,0.3,0.30000000000000004,0.24,0.34479941336717235,0.31984360945256696,0.02495580391460539,0.02495580391460539
80,20000,0.3,0.30000000000000004,0.25,0.34712963134862745,0.3208698912945299,0.026259740054097536,0.026259740054097536
80,20000,0.3,0.30000000000000004,0.26,0.34949285605057195,0.32190278039606085,0.027590075654511104,0.027590075654511104
80,20000,0.3,0.30000000000000004,0.27,0.3518899082462871,0.3229423407700758,0.0289475674762113,0.0289475674762113
80,20000,0.3,0.30000000000000004,0.28,0.35432163730319644,0.3239886372590693,0.030333000044127145,0.030333000044127145
80,20000,0.3,0.30000000000000004,0.29,0.3567889225055393,0.32504173554859644,0.03174718695694284,0.03174718695694284
80,20000,0.3,0.30000000000000004,0.3,0.35929267445300833,0.32610170218101914,0.033190972271989194,0.033190972271989194
80,20000,0.3,0.30000000000000004,0.31,0.36183383654060947,0.32716860456952224,0.03466523197108723,0.03466523197108723
80,20000,0.3,0.30000000000000004,0.32,0.3644133865254239,0.32824251101240554,0.03617087551301834,0.03617087551301834
80,20000,0.3,0.30000000000000004,0.33,0.36703233818642167,0.329323490707658,0.037708847478763685,0.037708847478763685
80,20000,0.3,0.30000000000000004,0.34,0.3696917430839819,0.3304116137678217,0.039280129316160206,0.039280129316160206
80,20000,0.3,0.30000000000000004,0.35000000000000003,0.3723926924263358,0.3315069512351503,0.04088574119118554,0.04088574119118554
80,20000,0.3,0.30000000000000004,0.36,0.37513631905075784,0.3326095750970708,0.04252674395368705,0.04252674395368705
80,20000,0.3,0.30000000000000004,0.37,0.37792379952800276,0.3337195583019547,0.04420424122604805,0.04420424122604805
80,20000,0.3,0.30000000000000004,0.38,0.3807563563992235,0.3348369747752062,0.04591938162401732,0.04591938162401732
80,20000,0.3,0.30000000000000004,0.39,0.38363526055541636,0.3359618994356739,0.04767336111974246,0.04767336111974246
80,20000,0.3,0.30000000000000004,0.4,0.3865618337703312,0.33709440821239567,0.04946742555793554,0.04946742555793554
80,20000,0.3,0.30000000000000004,0.41000000000000003,0.3895374513987713,0.33823457806168244,0.05130287333708883,0.05130287333708883
80,20000,0.3,0.30000000000000004,0.42,0.39256354525329196,0.33938248698454987,0.05318105826874209,0.05318105826874209
80,20000,0.3,0.30000000000000004,0.43,0.3956416066735064,0.3405382140445069,0.05510339262899949,0.05510339262899949
80,20000,0.3,0.30000000000000004,0.44,0.39877318980353726,0.3417018393857082,0.05707135041782907,0.05707135041782907
80,20000,0.3,0.30000000000000004,0.45,0.4019599150946205,0.34287344425148064,0.05908647084313984,0.05908647084313984
80,20000,0.3,0.30000000000000004,0.46,0.40520347305149756,0.34405311100323177,0.061150362048265794,0.061150362048265794
80,20000,0.3,0.30000000000000004,0.47000000000000003,0.4085056282430457,0.34524092313975036,0.06326470510329535,0.06326470510329535
80,20000,0.3,0.30000000000000004,0.48,0.4118682235996044,0.3464369653169078,0.06543125828269658,0.06543125828269658
80,20000,0.3,0.30000000000000004,0.49,0.41529318502169915,0.34764132336777065,0.0676518616539285,0.0676518616539285
80,20000,0.3,0.30000000000000004,0.5,0.4187825263273604,0.34885408432313414,0.06992844200422627,0.06992844200422627
80,20000,0.3,0.30000000000000004,0.51,0.42233835456802665,0.3500753364324868,0.07226301813553987,0.07226301813553987
80,20000,0.3,0.30000000000000004,0.52,0.42596287574613345,0.3513051691854174,0.07465770656071608,0.07465770656071608
80,20000,0.3,0.30000000000000004,0.53,0.4296584009709893,0.35254367333347403,0.07711472763751526,0.07711472763751526
80,20000,0.3,0.30000000000000004,0.54,0.4334273530934481,0.353790940912488,0.07963641218096013,0.07963641218096013
80,20000,0.3,0.30000000000000004,0.55,0.43727227386429074,0.3550470652653725,0.08222520859891824,0.08222520859891824
80,20000,0.3,0.30000000000000004,0.56,0.44119583166617665,0.3563121410654094,0.08488369060076723,0.08488369060076723
80,20000,0.3,0.30000000000000004,0.5700000000000001,0.44520082987460163,0.35758626434003526,0.08761456553456637,0.08761456553456637
80,20000,0.3,0.30000000000000004,0.58,0.44929021590959756,0.35886953249513914,0.09042068341445841,0.09042068341445841
80,20000,0.3,0.30000000000000004,0.59,0.4534670910470304,0.36016204433988663,0.09330504670714379,0.09330504670714379
80,20000,0.3,0.30000000000000004,0.6,0.4577347210664184,0.361463900112081,0.09627082095433737,0.09627082095433737
80,20000,0.3,0.30000000000000004,0.61,0.46209654782135584,0.36277520150407705,0.09932134631727879,0.09932134631727879
80,20000,0.3,0.30000000000000004,0.62,0.4665562018290407,0.36409605168926124,0.10246015013977944,0.10246015013977944
80,20000,0.3,0.30000000000000004,0.63,0.47111751598727686,0.3654265553491114,0.10569096063816547,0.10569096063816547
80,20000,0.3,0.30000000000000004,0.64,0.4757845405408793,0.3667668187008534,0.1090177218400259,0.1090177218400259
80,20000,0.3,0.30000000000000004,0.65,0.4805615594349195,0.36811694952572754,0.11244460990919197,0.11244460990919197
80,20000,0.3,0.30000000000000004,0.66,0.4854531082100444,0.3694770571978819,0.11597605101216252,0.11597605101216252
80,20000,0.3,0.30000000000000004,0.67,0.49046399361555315,0.3708472527139084,0.11961674090164476,0.11961674090164476
80,20000,0.3,0.30000000000000004,0.68,0.4955993151394742,0.3722276487230393,0.12337166641643488,0.12337166641643488
80,20000,0.3,0.30000000000000004,0.6900000000000001,0.5008644886821062,0.3736183595580198,0.1272461291240864,0.1272461291240864
80,20000,0.3,0.30000000000000004,0.7000000000000001,0.5062652726309876,0.375019501266675,0.13124577136431265,0.13124577136431265
80,20000,0.3,0.30000000000000004,0.71,0.5118077966318411,0.3764311916441912,0.13537660498764986,0.13537660498764986
80,20000,0.3,0.30000000000000004,0.72,0.5174985933926047,0.3778535502661279,0.13964504312647685,0.13964504312647685
80,20000,0.3,0.30000000000000004,0.73,0.5233446339073514,0.3792866985221811,0.1440579353851703,0.1440579353851703
80,20000,0.3,0.30000000000000004,0.74,0.529353366545048,0.3807307596507188,0.14862260689432927,0.14862260689432927
80,20000,0.3,0.30000000000000004,0.75,0.5355327605163858,0.38218585877410705,0.15334690174227872,0.15334690174227872
80,20000,0.3,0.30000000000000004,0.76,0.5418913543123053,0.3836521229348507,0.1582392313774546,0.1582392313774546
80,20000,0.3,0.30000000000000004,0.77,0.548438309802822,0.385129681132568,0.16330862867025403,0.16330862867025403
80,20000,0.3,0.30000000000000004,0.78,0.5551834727973367,0.38661866436182374,0.16856480843551297,0.16856480843551297
80,20000,0.3,0.30000000000000004,0.79,0.5621374410015255,0.38811920565084274,0.17401823535068278,0.17401823535068278
80,20000,0.3,0.30000000000000004,0.8,0.5693116404657471,0.38963144010112916,0.17968020036461796,0.17968020036461796
80,20000,0.3,0.30000000000000004,0.81,0.5767184118114371,0.391155504928015,0.18556290688342214,0.18556290688342214
80,20000,0.3,0.30000000000000004,0.8200000000000001,0.5843711077523581,0.3926915395021643,0.19167956825019383,0.19167956825019383
80,20000,0.3,0.30000000000000004,0.8300000000000001,0.592284203705853,0.3942396853920589,0.1980445183137941,0.1980445183137941
80,20000,0.3,0.30000000000000004,0.84,0.6004734236268119,0.3958000864074933,0.20467333721931857,0.20467333721931857
80,20000,0.3,0.30000000000000004,0.85,0.6089558836083607,0.3973728886441066,0.21158299496425415,0.21158299496425415
80,20000,0.3,0.30000000000000004,0.86,0.6177502562967646,0.3989582405289803,0.2187920157677843,0.2187920157677843
80,20000,0.3,0.30000000000000004,0.87,0.6268769597874114,0.4005562928673319,0.22632066692007952,0.22632066692007952
80,20000,0.3,0.30000000000000004,0.88,0.6363583754345822,0.4021671988903354,0.23419117654424676,0.23419117654424676
80,20000,0.3,0.30000000000000004,0.89,0.6462190999597925,0.4037911143041003,0.24242798565569224,0.24242798565569224
80,20000,0.3,0.30000000000000004,0.9,0.6564862384338201,0.4054281973398419,0.2510580410939782,0.2510580410939782
80,20000,0.3,0.30000000000000004,0.91,0.6671897462046541,0.40707860880527724,0.26011113739937686,0.26011113739937686
80,20000,0.3,0.30000000000000004,0.92,0.6783628297384687,0.4087425121372814,0.2696203176011873,0.2696203176011873
80,20000,0.3,0.30000000000000004,0.93,0.6900424187550056,0.41042007345584053,0.2796223452991651,0.2796223452991651
80,20000,0.3,0.30000000000000004,0.9400000000000001,0.7022697251365089,0.41211146161933854,0.29015826351717033,0.29015826351717033
80,20000,0.3,0.30000000000000004,0.9500000000000001,0.7150909080938014,0.41381684828121734,0.30127405981258404,0.30127405981258404
80,20000,0.3,0.30000000000000004,0.96,0.7285578702906077,0.41553640794804897,0.31302146234255873,0.31302146234255873
80,20000,0.3,0.30000000000000004,0.97,0.7427292164826236,0.41727031803906184,0.32545889844356174,0.32545889844356174
80,20000,0.3,0.30000000000000004,0.98,0.7576714153161133,0.41901875894716406,0.3386526563689492,0.3386526563689492
80,20000,0.3,0.30000000000000004,0.99,0.7734602170947593,0.4207819141015062,0.3526783029932531,0.3526783029932531
80,20000,0.3,0.30000000000000004,1.0,0.7901823967708795,0.4225599700316321,0.36762242673924744,0.36762242673924744
80,20000,0.3,0.4,0.0,0.27686353357149984,0.27686353357149984,0.0,0.0
80,20000,0.3,0.4,0.01,0.2789757082570502,0.27763219587934357,0.001343512377706635,0.001343512377706635
80,20000,0.3,0.4,0.02,0.28111106331546465,0.2784051381779078,0.0027059251375568527,0.0027059251375568527
80,20000,0.3,0.4,0.03,0.28327016882869865,0.27918239631413455,0.004087772514564103,0.004087772514564103
80,20000,0.3,0.4,0.04,0.28545361008861087,0.2799640065363999,0.005489603552210953,0.005489603552210953
80,20000,0.3,0.4,0.05,0.2876619882413379,0.28075000550014934,0.006911982741188538,0.006911982741188538
80,20000,0.3,0.4,0.06,0.28989592096001215,0.28154043027362763,0.008355490686384526,0.008355490686384526
80,20000,0.3,0.4,0.07,0.2921560431475353,0.28233531834370695,0.00982072480382834,0.00982072480382834
80,20000,0.3,0.4,0.08,0.29444300767122705,0.28313470762181253,0.011308300049414521,0.011308300049414521
80,20000,0.3,0.4,0.09,0.2967574861312823,0.28393863644995043,0.012818849681331845,0.012818849681331845
80,20000,0.3,0.4,0.1,0.299100169665097,0.2847471436068379,0.01435302605825911,0.01435302605825911
80,20000,0.3,0.4,0.11,0.3014717697896542,0.28556026831413844,0.015911501475515732,0.015911501475515732
80,20000,0.3,0.4,0.12,0.303873019284307,0.28637805024280455,0.01749496904150244,0.01749496904150244
80,20000,0.3,0.4,0.13,0.306304673116454,0.2872005295195296,0.01910414359692436,0.01910414359692436
80,20000,0.3,0.4,0.14,0.3087675094127672,0.28802774673331083,0.020739762679456375,0.020739762679456375
80,20000,0.3,0.4,0.15,0.3112623304788197,0.2888597429421267,0.022402587536692997,0.022402587536692997
80,20000,0.3,0.4,0.16,0.31378996387015207,0.28969655967972974,0.02409340419042233,0.02409340419042233
80,20000,0.3,0.4,0.17,0.316351263518038,0.2905382389625583,0.02581302455547968,0.02581302455547968
80,20000,0.3,0.4,0.18,0.31894711091343037,0.29138482329676896,0.027562287616661407,0.027562287616661407
80,20000,0.3,0.4,0.19,0.3215784163528303,0.2922363556853917,0.029342060667438608,0.029342060667438608
80,20000,0.3,0.4,0.2,0.3242461202500845,0.2930928796356122,0.031153240614472277,0.031153240614472277
80,20000,0.3,0.4,0.21,0.32695119451841564,0.2939544391661811,0.032996755352234564,0.032996755352234564
80,20000,0.3,0.4,0.22,0.3296946440273088,0.2948210788149553,0.03487356521235352,0.03487356521235352
80,20000,0.3,0.4,0.23,0.3324775081392226,0.2956928436465727,0.03678466449264989,0.03678466449264989
80,20000,0.3,0.4,0.24,0.3353008623314743,0.2965697792602638,0.03873108307121054,0.03873108307121054
80,20000,0.3,0.4,0.25,0.33816581990905503,0.2974519317978019,0.04071388811125315,0.04071388811125315
80,20000,0.3,0.4,0.26,0.3410735338145804,0.2983393479515969,0.0427341858629835,0.0427341858629835
80,20000,0.3,0.4,0.27,0.3440251985420687,0.29923207497293314,0.04479312356913556,0.04479312356913556
80,20000,0.3,0.4,0.28,0.3470220521617685,0.3001301606803566,0.04689189148141193,0.04689189148141193
80,20000,0.3,0.4,0.29,0.35006537846383706,0.3010336534682127,0.04903172499562436,0.04903172499562436
80,20000,0.3,0.4,0.3,0.3531565092293064,0.30194260231533954,0.05121390691396688,0.05121390691396688
80,20000,0.3,0.4,0.31,0.35629682663746115,0.3028570567939188,0.05343976984354237,0.05343976984354237
80,20000,0.3,0.4,0.32,0.3594877658195144,0.30377706707848756,0.055710698741026854,0.055710698741026854
80,20000,0.3,0.4,0.33,0.36273081756929315,0.30470268395511585,0.0580281336141773,0.0580281336141773
80,20000,0.3,0.4,0.34,0.36602753122255693,0.3056339588307514,0.06039357239180554,0.06039357239180554
80,20000,0.3,0.4,0.35000000000000003,0.3693795177175696,0.30657094374273713,0.06280857397483247,0.06280857397483247
80,20000,0.3,0.4,0.36,0.37278845285063955,0.3075136913685037,0.06527476148213585,0.06527476148213585
80,20000,0.3,0.4,0.37,0.3762560807415511,0.30846225503544167,0.06779382570610942,0.06779382570610942
80,20000,0.3,0.4,0.38,0.379784217525135,0.3094166887309572,0.07036752879417785,0.07036752879417785
80,20000,0.3,0.4,0.39,0.383374755286688,0.3103770471127143,0.07299770817397372,0.07299770817397372
80,20000,0.3,0.4,0.4,0.38702966626056395,0.3113433855190691,0.07568628074149486,0.07568628074149486
80,20000,0.3,0.4,0.41000000000000003,0.3907510073130423,0.3123157599796995,0.07843524733334278,0.07843524733334278
80,20000,0.3,0.4,0.42,0.39454092473254676,0.3132942272264343,0.08124669750611246,0.08124669750611246
80,20000,0.3,0.4,0.43,0.39840165935246796,0.3142788447042868,0.08412281464818117,0.08412281464818117
80,20000,0.3,0.4,0.44,0.40233555203426097,0.31526967058269706,0.08706588145156391,0.08706588145156391
80,20000,0.3,0.4,0.45,0.4063450495411704,0.3162667637669878,0.09007828577418259,0.09007828577418259
80,20000,0.3,0.4,0.46,0.41043271083591315,0.3172701839100377,0.09316252692587546,0.09316252692587546
80,20000,0.3,0.4,0.47000000000000003,0.41460121383896587,0.318279991424178,0.09632122241478785,0.09632122241478785
80,20000,0.3,0.4,0.48,0.41885336268779655,0.3192962474933175,0.09955711519447907,0.09955711519447907
80,20000,0.3,0.4,0.49,0.4231920955414992,0.3203190140852994,0.10287308145619983,0.10287308145619983
80,20000,0.3,0.4,0.5,0.42762049297989013,0.32134835396449785,0.10627213901539229,0.10627213901539229
80,20000,0.3,0.4,0.51,0.432141787051279,0.32238433070465666,0.10975745634662232,0.10975745634662232
80,20000,0.3,0.4,0.52,0.4367593710288887,0.32342700870197866,0.11333236232691002,0.11333236232691002
80,20000,0.3,0.4,0.53,0.44147680994237687,0.3244764531884684,0.11700035675390846,0.11700035675390846
80,20000,0.3,0.4,0.54,0.4462978519581801,0.3255327302455367,0.12076512171264342,0.12076512171264342
80,20000,0.3,0.4,0.55,0.4512264406905953,0.3265959068178711,0.12463053387272421,0.12463053387272421
80,20000,0.3,0.4,0.56,0.4562667285347382,0.32766605072757915,0.12860067780715906,0.12860067780715906
80,20000,0.3,0.4,0.5700000000000001,0.4614230911229487,0.3287432306886108,0.13267986043433794,0.13267986043433794
80,20000,0.3,0.4,0.58,0.4667001430180053,0.32982751632146595,0.13687262669653932,0.13687262669653932
80,20000,0.3,0.4,0.59,0.472102754769877,0.3309189781681945,0.14118377660168252,0.14118377660168252
80,20000,0.3,0.4,0.6,0.4776360714779221,0.3320176877076944,0.14561838377022768,0.14561838377022768
80,20000,0.3,0.4,0.61,0.4833055330177041,0.3331237173713166,0.15018181564638755,0.15018181564638755
80,20000,0.3,0.4,0.62,0.4891168961112793,0.3342371405587816,0.15487975555249767,0.15487975555249767
80,20000,0.3,0.4,0.63,0.4950762584422786,0.3353580316544176,0.15971822678786102,0.15971822678786102
80,20000,0.3,0.4,0.64,0.5011900850428365,0.33648646604372534,0.16470361899911112,0.16470361899911112
80,20000,0.3,0.4,0.65,0.5074652372089091,0.33762252013027944,0.1698427170786297,0.1698427170786297
80,20000,0.3,0.4,0.66,0.5139090042344379,0.3387662713529727,0.17514273288146515,0.17514273288146515
80,20000,0.3,0.4,0.67,0.5205291382938703,0.33991779820361223,0.18061134009025803,0.18061134009025803
80,20000,0.3,0.4,0.68,0.5273338928476594,0.34107718024487554,0.18625671260278387,0.18625671260278387
80,20000,0.3,0.4,0.6900000000000001,0.5343320649975659,0.34224449812863594,0.19208756686892997,0.19208756686892997
80,20000,0.3,0.4,0.7000000000000001,0.5415330422791769,0.34341983361466466,0.1981132086645122,0.1981132086645122
80,20000,0.3,0.4,0.71,0.5489468544495433,0.3446032695897204,0.2043435848598229,0.2043435848598229
80,20000,0.3,0.4,0.72,0.5565842309100599,0.34579489008703446,0.21078934082302547,0.21078934082302547
80,20000,0.3,0.4,0.73,0.5644566645009076,0.34699478030620207,0.21746188419470552,0.21746188419470552
80,20000,0.3,0.4,0.74,0.5725764825162267,0.34820302663348845,0.22437345588273827,0.22437345588273827
80,20000,0.3,0.4,0.75,0.5809569259219768,0.34941971666256166,0.23153720925941512,0.23153720925941512
80,20000,0.3,0.4,0.76,0.58961223791518,0.35064493921566064,0.23896729869951938,0.23896729869951938
80,20000,0.3,0.4,0.77,0.5985577631488413,0.35187878436521086,0.2466789787836305,0.2466789787836305
80,20000,0.3,0.4,0.78,0.6078100591673611,0.3531213434558976,0.2546887157114635,0.2546887157114635
80,20000,0.3,0.4,0.79,0.6173870218601674,0.3543727091272086,0.2630143127329588,0.2630143127329588
80,20000,0.3,0.4,0.8,0.6273080270558925,0.35563297533645816,0.27167505171943435,0.27167505171943435
80,20000,0.3,0.4,0.81,0.6375940907572931,0.3569022373823032,0.2806918533749899,0.2806918533749899
80,20000,0.3,0.4,0.8200000000000001,0.6482680509727596,0.3581805919287661,0.2900874590439935,0.2900874590439935
80,20000,0.3,0.4,0.8300000000000001,0.6593547746519711,0.3594681370297747,0.2998866376221964,0.2998866376221964
80,20000,0.3,0.4,0.84,0.6708813939041252,0.36076497215423353,0.3101164217498916,0.3101164217498916
80,20000,0.3,0.4,0.85,0.6828775764966342,0.3620711982116402,0.320806378284994,0.320806378284994
80,20000,0.3,0.4,0.86,0.6953758366378234,0.3633869175782602,0.33198891905956324,0.33198891905956324
80,20000,0.3,0.4,0.87,0.7084118932874007,0.36471223412387377,0.34369965916352696,0.34369965916352696
80,20000,0.3,0.4,0.88,0.7220250847758934,0.36604725323911114,0.3559778315367823,0.3559778315367823
80,20000,0.3,0.4,0.89,0.7362588504304446,0.36739208186339006,0.3688667685670545,0.3688667685670545
80,20000,0.3,0.4,0.9,0.7511612923062756,0.36874682851347096,0.38241446379280464,0.38241446379280464
80,20000,0.3,0.4,0.91,0.7667858331519597,0.3701116033126467,0.396674229839313,0.396674229839313
80,20000,0.3,0.4,0.92,0.7831919905802479,0.371486518020583,0.4117054725596649,0.4117054725596649
80,20000,0.3,0.4,0.93,0.8004462923263682,0.37287168606382615,0.42757460626254207,0.42757460626254207
80,20000,0.3,0.4,0.9400000000000001,0.8186233637928207,0.37426722256699596,0.4443561412258248,0.4443561412258248
80,20000,0.3,0.4,0.9500000000000001,0.8378072272677489,0.3756732443846818,0.4621339828830671,0.4621339828830671
80,20000,0.3,0.4,0.96,0.8580928629015536,0.3770898701340604,0.4810029927674932,0.4810029927674932
80,20000,0.3,0.4,0.97,0.8795880956207919,0.37851722022825424,0.5010708753925377,0.5010708753925377
80,20000,0.3,0.4,0.98,0.9024158908953823,0.37995541691045037,0.5224604739849319,0.5224604739849319
80,20000,0.3,0.4,0.99,0.9267171674234218,0.3814045842888005,0.5453125831346213,0.5453125831346213
80,20000,0.3,0.4,1.0,0.9526542688983224,0.38286484837212204,0.5697894205262004,0.5697894205262004
80,20000,0.3,0.5,0.0,0.2550457701325405,0.2550457701325405,0.0,0.0
80,20000,0.3,0.5,0.01,0.2575228866542785,0.2556979168537931,0.0018249698004854098,0.0018249698004854098
80,20000,0.3,0.5,0.02,0.26002468994375294,0.25635340717572513,0.003671282768027806,0.003671282768027806
80,20000,0.3,0.5,0.03,0.26255190519371885,0.25701226687872836,0.0055396383149904915,0.0055396383149904915
80,20000,0.3,0.5,0.04,0.2651052751456998,0.2576745220089124,0.007430753136787427,0.007430753136787427
80,20000,0.3,0.5,0.05,0.2676855609424441,0.25834019888153725,0.009345362060906859,0.009345362060906859
80,20000,0.3,0.5,0.06,0.27029354301481173,0.2590093240844989,0.01128421893031284,0.01128421893031284
80,20000,0.3,0.5,0.07,0.2729300220054033,0.259681924481869,0.013248097523534286,0.013248097523534286
80,20000,0.3,0.5,0.08,0.2755958197313748,0.2603580272174904,0.015237792513884407,0.015237792513884407
80,20000,0.3,0.5,0.09,0.2782917801890278,0.2610376597186285,0.01725412047039926,0.01725412047039926
80,20000,0.3,0.5,0.1,0.2810187706029233,0.2617208496996803,0.019297920903243004,0.019297920903243004
80,20000,0.3,0.5,0.11,0.28377768252244073,0.26240762516594135,0.021370057356499383,0.021370057356499383
80,20000,0.3,0.5,0.12,0.2865694329688859,0.26309801441743286,0.023471418551453016,0.023471418551453016
80,20000,0.3,0.5,0.13,0.2893949656364565,0.2637920460527889,0.025602919583667616,0.025602919583667616
80,20000,0.3,0.5,0.14,0.29225525215059045,0.26448974897320515,0.027765503177385298,0.027765503177385298
80,20000,0.3,0.5,0.15,0.2951512933874598,0.26519115238645125,0.029960141001008578,0.029960141001008578
80,20000,0.3,0.5,0.16,0.2980841208586292,0.26589628581094604,0.03218783504768313,0.03218783504768313
80,20000,0.3,0.5,0.17,0.30105479816517544,0.2666051790798991,0.03444961908527633,0.03444961908527633
80,20000,0.3,0.5,0.18,0.3040644225258695,0.26731786234551796,0.03674656018035155,0.03674656018035155
80,20000,0.3,0.5,0.19,0.3071141263843453,0.2680343660832832,0.03907976030106214,0.03907976030106214
80,20000,0.3,0.5,0.2,0.31020507910053996,0.2687547210962925,0.041450358004247456,0.041450358004247456
80,20000,0.3,0.5,0.21,0.31333848873207387,0.26947895851967524,0.043859530212398634,0.043859530212398634
80,20000,0.3,0.5,0.22,0.31651560391166006,0.27020710982507795,0.04630849408658211,0.04630849408658211
80,20000,0.3,0.5,0.23,0.3197377158270895,0.2709392068252234,0.04879850900186611,0.04879850900186611
80,20000,0.3,0.5,0.24,0.3230061603108354,0.27167528167854343,0.051330878632291965,0.051330878632291965
80,20000,0.3,0.5,0.25,0.3263223200468622,0.272415366893888,0.05390695315297417,0.05390695315297417
80,20000,0.3,0.5,0.26,0.32968762690281456,0.27315949533531125,0.056528131567503304,0.056528131567503304
80,20000,0.3,0.5,0.27,0.3331035643964067,0.27390770022693567,0.059195864169471035,0.059195864169471035
80,20000,0.3,0.5,0.28,0.33657167030553276,0.2746600151578976,0.061911655147635136,0.061911655147635136
80,20000,0.3,0.5,0.29,0.3400935394323887,0.27541647408737335,0.06467706534501533,0.06467706534501533
80,20000,0.3,0.5,0.3,0.3436708265327363,0.27617711134968903,0.06749371518304725,0.06749371518304725
80,20000,0.3,0.5,0.31,0.3473052494223547,0.27694196165951546,0.07036328776283923,0.07036328776283923
80,20000,0.3,0.5,0.32,0.35099859227373437,0.27771106011714936,0.07328753215658501,0.07328753215658501
80,20000,0.3,0.5,0.33,0.35475270911717005,0.2784844422138828,0.07626826690328725,0.07626826690328725
80,20000,0.3,0.5,0.34,0.35856952756161775,0.2792621438374631,0.07930738372415463,0.07930738372415463
80,20000,0.3,0.5,0.35000000000000003,0.36245105275201156,0.28004420127764357,0.08240685147436799,0.08240685147436799
80,20000,0.3,0.5,0.36,0.366399371581196,0.28083065123182854,0.08556872034936747,0.08556872034936747
80,20000,0.3,0.5,0.37,0.3704166571762366,0.2816215308108136,0.08879512636542303,0.08879512636542303
80,20000,0.3,0.5,0.38,0.37450517368064473,0.28241687754462286,0.09208829613602187,0.09208829613602187
80,20000,0.3,0.5,0.39,0.3786672813560028,0.2832167293884457,0.09545055196755708,0.09545055196755708
80,20000,0.3,0.5,0.4,0.3829054420286354,0.2840211247286745,0.09888431729996089,0.09888431729996089
80,20000,0.3,0.5,0.41000000000000003,0.3872222249093511,0.2848301023890457,0.10239212252030538,0.10239212252030538
80,20000,0.3,0.5,0.42,0.39162031281692333,0.28564370163688596,0.10597661118003737,0.10597661118003737
80,20000,0.3,0.5,0.43,0.39610250883889103,0.28646196218946557,0.10964054664942546,0.10964054664942546
80,20000,0.3,0.5,0.44,0.400671743466509,0.28728492422046203,0.11338681924604699,0.11338681924604699
80,20000,0.3,0.5,0.45,0.40533108224427067,0.28811262836653445,0.11721845387773622,0.11721845387773622
80,20000,0.3,0.5,0.46,0.41008373397842895,0.28894511573401244,0.12113861824441652,0.12113861824441652
80,20000,0.3,0.5,0.47000000000000003,0.4149330595533968,0.2897824279057014,0.1251506316476954,0.1251506316476954
80,20000,0.3,0.5,0.48,0.4198825814098721,0.2906246069478061,0.129257974462066,0.129257974462066
80,20000,0.3,0.5,0.49,0.424935993744082,0.2914716954169758,0.13346429832710616,0.13346429832710616
80,20000,0.3,0.5,0.5,0.43009717349373305,0.29232373636747233,0.13777343712626072,0.13777343712626072
80,20000,0.3,0.5,0.51,0.4353701921832004,0.2931807733584649,0.14218941882473551,0.14218941882473551
80,20000,0.3,0.5,0.52,0.44075932870826273,0.294042850461453,0.14671647824680972,0.14671647824680972
80,20000,0.3,0.5,0.53,0.44626908314943464,0.29491001226782154,0.1513590708816131,0.1513590708816131
80,20000,0.3,0.5,0.54,0.45190419171276563,0.2957823038965288,0.15612188781623682,0.15612188781623682
80,20000,0.3,0.5,0.55,0.457669642908052,0.2966597710019325,0.16100987190611948,0.16100987190611948
80,20000,0.3,0.5,0.56,0.4635706950868892,0.2975424597817546,0.1660282353051346,0.1660282353051346
80,20000,0.3,0.5,0.5700000000000001,0.46961289547711393,0.2984304169851893,0.17118247849192464,0.17118247849192464
80,20000,0.3,0.5,0.58,0.47580210086616026,0.29932368992115643,0.17647841094500383,0.17647841094500383
80,20000,0.3,0.5,0.59,0.48214450010398285,0.3002223264667037,0.18192217363727914,0.18192217363727914
80,20000,0.3,0.5,0.6,0.4886466386167939,0.3011263750755604,0.18752026354123352,0.18752026354123352
80,20000,0.3,0.5,0.61,0.49531544514630715,0.30203588478684645,0.1932795603594607,0.1932795603594607
80,20000,0.3,0.5,0.62,0.5021582609559267,0.3029509052339395,0.19920735572198722,0.19920735572198722
80,20000,0.3,0.5,0.63,0.5091828717758844,0.3038714866535041,0.20531138512238029,0.20531138512238029
80,20000,0.3,0.5,0.64,0.5163975427943376,0.30479767989468554,0.21159986289965205,0.21159986289965205
80,20000,0.3,0.5,0.65,0.5238110570416235,0.3057295364284723,0.21808152061315117,0.21808152061315117
80,20000,0.3,0.5,0.66,0.5314327575610813,0.30666710835723143,0.2247656492038499,0.2247656492038499
80,20000,0.3,0.5,0.67,0.5392725938131445,0.3076104484244193,0.2316621453887252,0.2316621453887252
80,20000,0.3,0.5,0.68,0.547341172820981,0.30855961002447224,0.2387815627965088,0.2387815627965088
80,20000,0.3,0.5,0.6900000000000001,0.5556498156372969,0.3095146472128809,0.24613516842441596,0.24613516842441596
80,20000,0.3,0.5,0.7000000000000001,0.5642106197947582,0.3104756147164526,0.2537350050783056,0.2537350050783056
80,20000,0.3,0.5,0.71,0.573036528498942,0.3114425679437647,0.26159396055517736,0.26159396055517736
80,20000,0.3,0.5,0.72,0.5821414074353403,0.31241556299581486,0.2697258444395254,0.2697258444395254
80,20000,0.3,0.5,0.73,0.5915401301937703,0.31339465667687066,0.2781454735168996,0.2781454735168996
80,20000,0.3,0.5,0.74,0.6012486734683403,0.3143799065055247,0.2868687669628156,0.2868687669628156
80,20000,0.3,0.5,0.75,0.6112842233733913,0.3153713707259582,0.29591285264743306,0.29591285264743306
80,20000,0.3,0.5,0.76,0.621665294431163,0.3163691083194186,0.3052961861117444,0.3052961861117444
80,20000,0.3,0.5,0.77,0.6324118630421072,0.3173731790159163,0.3150386840261909,0.3150386840261909
80,20000,0.3,0.5,0.78,0.6435455175521875,0.3183836433061437,0.32516187424604376,0.32516187424604376
80,20000,0.3,0.5,0.79,0.6550896273935457,0.31940056245362386,0.33568906493992184,0.33568906493992184
80,20000,0.3,0.5,0.8,0.6670695342084674,0.3204239985070919,0.34664553570137546,0.34664553570137546
80,20000,0.3,0.5,0.81,0.6795127683877356,0.32145401431311554,0.35805875407462,0.35805875407462
80,20000,0.3,0.5,0.8200000000000001,0.6924492950834007,0.32249067352895977,0.3699586215544409,0.3699586215544409
80,20000,0.3,0.5,0.8300000000000001,0.7059117945181069,0.32353404063570135,0.3823777538824056,0.3823777538824056
80,20000,0.3,0.5,0.84,0.7199359823405961,0.3245841809515983,0.3953518013889978,0.3953518013889978
80,20000,0.3,0.5,0.85,0.7345609769107999,0.3256411606457215,0.4089198162650784,0.4089198162650784
80,20000,0.3,0.5,0.86,0.7498297217904225,0.32670504675185236,0.42312467503857015,0.42312467503857015
80,20000,0.3,0.5,0.87,0.7657894734336084,0.32777590718265476,0.4380135662509536,0.4380135662509536
80,20000,0.3,0.5,0.88,0.7824923662045161,0.32885381074412606,0.45363855546039006,0.45363855546039006
80,20000,0.3,0.5,0.89,0.7999960695082594,0.3299388271503344,0.470057242357925,0.470057242357925
80,20000,0.3,0.5,0.9,0.8183645551581288,0.3310310270384488,0.48733352811968,0.48733352811968
80,20000,0.3,0.5,0.91,0.8376689973126382,0.3321304819840684,0.5055385153285699,0.5055385153285699
80,20000,0.3,0.5,0.92,0.8579888326634744,0.33323726451685876,0.5247515681466156,0.5247515681466156
80,20000,0.3,0.5,0.93,0.8794130153922404,0.33435144813650136,0.5450615672557391,0.5450615672557391
80,20000,0.3,0.5,0.9400000000000001,0.9020415102166267,0.3354731073289643,0.5665684028876624,0.5665684028876624
80,20000,0.3,0.5,0.9500000000000001,0.925987078265464,0.3366023175831016,0.5893847606823623,0.5893847606823623
80,20000,0.3,0.5,0.96,0.951377425452339,0.3377391554075891,0.61363827004475,0.61363827004475
80,20000,0.3,0.5,0.97,0.9783578027037897,0.33888369834820437,0.6394741043555854,0.6394741043555854
80,20000,0.3,0.5,0.98,1.0070941735893422,0.3400360250054591,0.6670581485838831,0.6670581485838831
80,20000,0.3,0.5,0.99,1.0377771000810263,0.341196215052593,0.6965808850284333,0.6965808850284333
80,20000,0.3,0.5,1.0,1.0706265449103278,0.3423643492539369,0.7282621956563909,0.7282621956563909
80,20000,0.3,0.6000000000000001,0.0,0.24545534954981407,0.24545534954981407,0.0,0.0
80,20000,0.3,0.6000000000000001,0.01,0.2483162031439735,0.2460593153022892,0.0022568878416843186,0.0022568878416843186
80,20000,0.3,0.6000000000000001,0.02,0.2512029430089224,0.24666626061423835,0.004536682394684022,0.004536682394684022
80,20000,0.3,0.6000000000000001,0.03,0.2541164545549764,0.24727620758888655,0.006840246966089841,0.006840246966089841
80,20000,0.3,0.6000000000000001,0.04,0.25705764255261004,0.24788917854862483,0.009168464003985216,0.009168464003985216
80,20000,0.3,0.6000000000000001,0.05,0.26002743219995667,0.24850519603773344,0.011522236162223226,0.011522236162223226
80,20000,0.3,0.6000000000000001,0.06,0.2630267702296811,0.24912428282514562,0.013902487404535452,0.013902487404535452
80,20000,0.3,0.6000000000000001,0.07,0.2660566260581484,0.24974646190725325,0.016310164150895146,0.016310164150895146
80,20000,0.3,0.6000000000000001,0.08,0.26911799297997124,0.25037175651075394,0.018746236469217303,0.018746236469217303
80,20000,0.3,0.6000000000000001,0.09,0.27221188941119256,0.2510001900955415,0.02121169931565109,0.02121169931565109
80,20000,0.3,0.6000000000000001,0.1,0.2753393601845452,0.25163178635763994,0.02370757382690525,0.02370757382690525
80,20000,0.3,0.6000000000000001,0.11,0.27850147790043983,0.252266569232182,0.02623490866825784,0.02623490866825784
80,20000,0.3,0.6000000000000001,0.12,0.28169934433755095,0.2529045628964325,0.028794781441118467,0.028794781441118467
80,20000,0.3,0.6000000000000001,0.13,0.2849340919271159,0.25354579177285796,0.03138830015425792,0.03138830015425792
80,20000,0.3,0.6000000000000001,0.14,0.28820688529532607,0.254190280532243,0.03401660476308305,0.03401660476308305
80,20000,0.3,0.6000000000000001,0.15,0.29151892287847475,0.2548380540968547,0.036680868781620024,0.036680868781620024
80,20000,0.3,0.6000000000000001,0.16,0.29487143861583837,0.25548913764365466,0.039382300972183704,0.039382300972183704
80,20000,0.3,0.6000000000000001,0.17,0.2982657037256056,0.25614355660756116,0.04212214711804446,0.04212214711804446
80,20000,0.3,0.6000000000000001,0.18,0.30170302856954057,0.25680133668476124,0.04490169188477933,0.04490169188477933
80,20000,0.3,0.6000000000000001,0.19,0.3051847646124599,0.25746250383607433,0.04772226077638558,0.04772226077638558
80,20000,0.3,0.6000000000000001,0.2,0.3087123064830449,0.25812708429036735,0.050585222192677526,0.050585222192677526
80,20000,0.3,0.6000000000000001,0.21,0.31228709414298045,0.2587951045480234,0.053491989594957046,0.053491989594957046
80,20000,0.3,0.6000000000000001,0.22,0.3159106151719269,0.259466591384464,0.05644402378746294,0.05644402378746294
80,20000,0.3,0.6000000000000001,0.23,0.31958440717639425,0.2601415718537268,0.05944283532266742,0.05944283532266742
80,20000,0.3,0.6000000000000001,0.24,0.32331006033119647,0.26082007329209894,0.06248998703909753,0.06248998703909753
80,20000,0.3,0.6000000000000001,0.25,0.32708922006283375,0.2615021233218073,0.06558709674102647,0.06558709674102647
80,20000,0.3,0.6000000000000001,0.26,0.33092358988487197,0.26218774985476717,0.0687358400301048,0.0687358400301048
80,20000,0.3,0.6000000000000001,0.27,0.3348149343961877,0.2628769810963899,0.0719379532997978,0.0719379532997978
80,20000,0.3,0.6000000000000001,0.28,0.3387650824538087,0.26356984554945073,0.07519523690435798,0.07519523690435798
80,20000,0.3,0.6000000000000001,0.29,0.3427759305330306,0.2642663720180178,0.07850955851501284,0.07850955851501284
80,20000,0.3,0.6000000000000001,0.3,0.3468494462885247,0.26496658961144376,0.08188285667708095,0.08188285667708095
80,20000,0.3,0.6000000000000001,0.31,0.3509876723312882,0.2656705277484215,0.08531714458286671,0.08531714458286671
80,20000,0.3,0.6000000000000001,0.32,0.3551927302375301,0.2663782161611035,0.0888145140764266,0.0888145140764266
80,20000,0.3,0.6000000000000001,0.33,0.35946682480695197,0.2670896848992886,0.09237713990766339,0.09237713990766339
80,20000,0.3,0.6000000000000001,0.34,0.3638122485893794,0.2678049643346747,0.09600728425470467,0.09600728425470467
80,20000,0.3,0.6000000000000001,0.35000000000000003,0.36823138670034566,0.26852408516518134,0.09970730153516433,0.09970730153516433
80,20000,0.3,0.6000000000000001,0.36,0.3727267219480388,0.26924707841934087,0.10347964352869793,0.10347964352869793
80,20000,0.3,0.6000000000000001,0.37,0.37730084029601885,0.2699739754607615,0.10732686483525733,0.10732686483525733
80,20000,0.3,0.6000000000000001,0.38,0.3819564366883062,0.2707048079926627,0.11125162869564348,0.11125162869564348
80,20000,0.3,0.6000000000000001,0.39,0.3866963212658681,0.2714396080624843,0.11525671320338382,0.11525671320338382
80,20000,0.3,0.6000000000000001,0.4,0.3915234260062062,0.2721784080665709,0.11934501793963531,0.11934501793963531
80,20000,0.3,0.6000000000000001,0.41000000000000003,0.39644081182071084,0.27292124075493324,0.1235195710657776,0.1235195710657776
80,20000,0.3,0.6000000000000001,0.42,0.4014516761477241,0.2736681392360873,0.1277835369116368,0.1277835369116368
80,20000,0.3,0.6000000000000001,0.43,0.4065593610828876,0.27441913698197357,0.13214022410091403,0.13214022410091403
80,20000,0.3,0.6000000000000001,0.44,0.4117673620923811,0.27517426783295723,0.13659309425942384,0.13659309425942384
80,20000,0.3,0.6000000000000001,0.45,0.4170793373591395,0.27593356600291113,0.14114577135622836,0.14114577135622836
80,20000,0.3,0.6000000000000001,0.46,0.42249911781711835,0.27669706608438316,0.1458020517327352,0.1458020517327352
80,20000,0.3,0.6000000000000001,0.47000000000000003,0.4280307179342253,0.27746480305385,0.1505659148803753,0.1505659148803753
80,20000,0.3,0.6000000000000001,0.48,0.43367834731073274,0.2782368122770579,0.15544153503367486,0.15544153503367486
80,20000,0.3,0.6000000000000001,0.49,0.4394464231668946,0.27901312951445334,0.16043329365244124,0.16043329365244124
80,20000,0.3,0.6000000000000001,0.5,0.44533958380123057,0.2797937909267051,0.16554579287452548,0.16554579287452548
80,20000,0.3,0.6000000000000001,0.51,0.45136270310960136,0.2805788330803184,0.17078387002928297,0.17078387002928297
80,20000,0.3,0.6000000000000001,0.52,0.45752090626491543,0.2813682929533449,0.1761526133115705,0.1761526133115705
80,20000,0.3,0.6000000000000001,0.53,0.46381958666822865,0.2821622079411885,0.18165737872704013,0.18165737872704013
80,20000,0.3,0.6000000000000001,0.54,0.47026442429427817,0.28296061586251015,0.18730380843176803,0.18730380843176803
80,20000,0.3,0.6000000000000001,0.55,0.47686140556834045,0.2837635549652331,0.19309785060310736,0.19309785060310736
80,20000,0.3,0.6000000000000001,0.56,0.48361684492692675,0.2845710639326508,0.19904578099427594,0.19904578099427594
80,20000,0.3,0.6000000000000001,0.5700000000000001,0.49053740823250563,0.285383181889639,0.20515422634286662,0.20515422634286662
80,20000,0.3,0.6000000000000001,0.58,0.4976301382324524,0.28619994840897506,0.21143018982347733,0.21143018982347733
80,20000,0.3,0.6000000000000001,0.59,0.5049024822751469,0.28702140351776556,0.21788107875738133,0.21788107875738133
80,20000,0.3,0.6000000000000001,0.6,0.5123623225219543,0.2878475877039856,0.22451473481796874,0.22451473481796874
80,20000,0.3,0.6000000000000001,0.61,0.5200180089232391,0.28867854192313036,0.23133946700010877,0.23133946700010877
80,20000,0.3,0.6000000000000001,0.62,0.5278783952601267,0.28951430760498326,0.23836408765514344,0.23836408765514344
80,20000,0.3,0.6000000000000001,0.63,0.5359528785920981,0.2903549266605014,0.24559795193159667,0.24559795193159667
80,20000,0.3,0.6000000000000001,0.64,0.5442514424944916,0.2912004414888213,0.25305100100567035,0.25305100100567035
80,20000,0.3,0.6000000000000001,0.65,0.55278470452048,0.2920508949843879,0.2607338095360921,0.2607338095360921
80,20000,0.3,0.6000000000000001,0.66,0.5615639683802041,0.2929063305442082,0.26865763783599583,0.26865763783599583
80,20000,0.3,0.6000000000000001,0.67,0.5706012813967962,0.2937667920752332,0.276834489321563,0.276834489321563
80,20000,0.3,0.6000000000000001,0.68,0.5799094978765188,0.29463232400187017,0.2852771738746486,0.2852771738746486
80,20000,0.3,0.6000000000000001,0.6900000000000001,0.589502349120079,0.2955029712736283,0.29399937784645075,0.29399937784645075
80,20000,0.3,0.6000000000000001,0.7000000000000001,0.5993945209065588,0.2963787793728997,0.30301574153365907,0.30301574153365907
80,20000,0.3,0.6000000000000001,0.71,0.6096017394029762,0.29725979432288024,0.312341945080096,0.312341945080096
80,20000,0.3,0.6000000000000001,0.72,0.6201408665945228,0.29814606269563104,0.3219948038988918,0.3219948038988918
80,20000,0.3,0.6000000000000001,0.73,0.6310300064968581,0.2990376316202852,0.33199237487657296,0.33199237487657296
80,20000,0.3,0.6000000000000001,0.74,0.6422886236072646,0.299934548791402,0.34235407481586255,0.34235407481586255
80,20000,0.3,0.6000000000000001,0.75,0.65393767528168,0.300836862477472,0.353100812804208,0.353100812804208
80,20000,0.3,0.6000000000000001,0.76,0.6659997599967327,0.3017446215295761,0.36425513846715657,0.36425513846715657
80,20000,0.3,0.6000000000000001,0.77,0.6784992837785272,0.3026578753902017,0.37584140838832547,0.37584140838832547
80,20000,0.3,0.6000000000000001,0.78,0.6914626474637361,0.3035766741022197,0.38788597336151637,0.38788597336151637
80,20000,0.3,0.6000000000000001,0.79,0.7049184579167479,0.3045010683180253,0.4004173895987226,0.4004173895987226
80,20000,0.3,0.6000000000000001,0.8,0.7188977668756071,0.30543110930884637,0.41346665756676076,0.41346665756676076
80,20000,0.3,0.6000000000000001,0.81,0.7334343417597151,0.3063668489742229,0.4270674927854922,0.4270674927854922
80,20000,0.3,0.6000000000000001,0.8200000000000001,0.7485649735694536,0.30730833985166145,0.44125663371779217,0.44125663371779217
80,20000,0.3,0.6000000000000001,0.8300000000000001,0.764329827974378,0.30825563512646775,0.45607419284791023,0.45607419284791023
80,20000,0.3,0.6000000000000001,0.84,0.7807728468634139,0.30920878864176227,0.4715640582216516,0.4715640582216516
80,20000,0.3,0.6000000000000001,0.85,0.7979422090697859,0.31016785490868154,0.4877743541611043,0.4877743541611043
80,20000,0.3,0.6000000000000001,0.86,0.8158908607520021,0.3111328891167704,0.5047579716352317,0.5047579716352317
80,20000,0.3,0.6000000000000001,0.87,0.834677128096245,0.3121039471445688,0.5225731809516762,0.5225731809516762
80,20000,0.3,0.6000000000000001,0.88,0.854365427716402,0.3130810855703971,0.541284342146005,0.541284342146005
80,20000,0.3,0.6000000000000001,0.89,0.8750270935111505,0.31406436168334506,0.5609627318278054,0.5609627318278054
80,20000,0.3,0.6000000000000001,0.9,0.8967413429837754,0.31505383349446836,0.581687509489307,0.581687509489307
80,20000,0.3,0.6000000000000001,0.91,0.9195964113919459,0.31604955974819743,0.6035468516437485,0.6035468516437485
80,20000,0.3,0.6000000000000001,0.92,0.943690888907365,0.31705159993396337,0.6266392889734016,0.6266392889734016
80,20000,0.3,0.6000000000000001,0.93,0.9691353046796612,0.31806001429804553,0.6510752903816157,0.6510752903816157
80,20000,0.3,0.6000000000000001,0.9400000000000001,0.9960540129248595,0.31907486385564626,0.6769791490692132,0.6769791490692132
80,20000,0.3,0.6000000000000001,0.9500000000000001,1.0245874507284178,0.32009621040319736,0.7044912403252205,0.7044912403252205
80,20000,0.3,0.6000000000000001,0.96,1.0548948563124114,0.3211241165309035,0.7337707397815079,0.7337707397815079
80,20000,0.3,0.6000000000000001,0.97,1.0871575616603109,0.32215864563552854,0.7649989160247823,0.7649989160247823
80,20000,0.3,0.6000000000000001,0.98,1.121583006861787,0.32319986193342914,0.7983831449283578,0.7983831449283578
80,20000,0.3,0.6000000000000001,0.99,1.1584096685185188,0.3242478304738427,0.834161838044676,0.834161838044676
80,20000,0.3,0.6000000000000001,1.0,1.1979131556191962,0.32530261715243414,0.8726105384667621,0.8726105384667621
80,20000,0.3,0.7000000000000001,0.0,0.224756327512149,0.224756327512149,0.0,0.0
80,20000,0.3,0.7000000000000001,0.01,0.22794092004753166,0.2252626195030016,0.0026783005445300545,0.0026783005445300545
80,20000,0.3,0.7000000000000001,0.02,0.2311509673238041,0.2257711976168366,0.005379769706967519,0.005379769706967519
80,20000,0.3,0.7000000000000001,0.03,0.23438749595214148,0.2262820773729137,0.00810541857922778,0.00810541857922778
80,20000,0.3,0.7000000000000001,0.04,0.23765155240250388,0.22679527443128036,0.010856277971223516,0.010856277971223516
80,20000,0.3,0.7000000000000001,0.05,0.24094420426131746,0.22731080459437214,0.013633399666945323,0.013633399666945323
80,20000,0.3,0.7000000000000001,0.06,0.24426654153086078,0.2278286838086343,0.016437857722226473,0.016437857722226473
80,20000,0.3,0.7000000000000001,0.07,0.24761967797381898,0.22834892816616642,0.01927074980765256,0.01927074980765256
80,20000,0.3,0.7000000000000001,0.08,0.2510047525066403,0.22887155390638889,0.022133198600251397,0.022133198600251397
80,20000,0.3,0.7000000000000001,0.09,0.25442293064551813,0.22939657741773295,0.02502635322778518,0.02502635322778518
80,20000,0.3,0.7000000000000001,0.1,0.2578754060090302,0.22992401523935344,0.02795139076967676,0.02795139076967676
80,20000,0.3,0.7000000000000001,0.11,0.2613634018816922,0.23045388406286585,0.030909517818826365,0.030909517818826365
80,20000,0.3,0.7000000000000001,0.12,0.2648881728429337,0.23098620073410683,0.03390197210882687,0.03390197210882687
80,20000,0.3,0.7000000000000001,0.13,0.2684510064662733,0.23152098225491977,0.036930024211353524,0.036930024211353524
80,20000,0.3,0.7000000000000001,0.14,0.27205322509376656,0.23205824578496465,0.039994979308801915,0.039994979308801915
80,20000,0.3,0.7000000000000001,0.15,0.27569618769112375,0.23259800864355365,0.0430981790475701,0.0430981790475701
80,20000,0.3,0.7000000000000001,0.16,0.27938129178924365,0.23314028831151204,0.04624100347773161,0.04624100347773161
80,20000,0.3,0.7000000000000001,0.17,0.283109975518294,0.23368510243306556,0.049424873085228416,0.049424873085228416
80,20000,0.3,0.7000000000000001,0.18,0.2868837197408856,0.2342324688177538,0.052651250923131804,0.052651250923131804
80,20000,0.3,0.7000000000000001,0.19,0.29070405029134005,0.2347824054423712,0.05592164484896886,0.05592164484896886
80,20000,0.3,0.7000000000000001,0.2,0.2945725403285455,0.23533493045293472,0.0592376098756108,0.0592376098756108
80,20000,0.3,0.7000000000000001,0.21,0.29849081281043444,0.23589006216668007,0.06260075064375437,0.06260075064375437
80,20000,0.3,0.7000000000000001,0.22,0.3024605430987018,0.23644781907408569,0.06601272402461611,0.06601272402461611
80,20000,0.3,0.7000000000000001,0.23,0.30648346170302326,0.23700821984092588,0.06947524186209739,0.06947524186209739
80,20000,0.3,0.7000000000000001,0.24,0.31056135717472977,0.23757128331035296,0.07299007386437681,0.07299007386437681
80,20000,0.3,0.7000000000000001,0.25,0.3146960791606542,0.23813702850500948,0.0765590506556447,0.0765590506556447
80,20000,0.3,0.7000000000000001,0.26,0.3188895416286988,0.23870547462917013,0.08018406699952868,0.08018406699952868
80,20000,0.3,0.7000000000000001,0.27,0.3231437262775781,0.23927664107091523,0.08386708520666286,0.08386708520666286
80,20000,0.3,0.7000000000000001,0.28,0.3274606861441822,0.2398505474043345,0.08761013873984771,0.08761013873984771
80,20000,0.3,0.7000000000000001,0.29,0.3318425494230931,0.24042721339176365,0.09141533603132945,0.09141533603132945
80,20000,0.3,0.7000000000000001,0.3,0.33629152351397135,0.2410066589860524,0.09528486452791896,0.09528486452791896
80,20000,0.3,0.7000000000000001,0.31,0.3408098993138341,0.24158890433286606,0.09922099498096804,0.09922099498096804
80,20000,0.3,0.7000000000000001,0.32,0.34540005577266747,0.24217396977302008,0.10322608599964739,0.10322608599964739
80,20000,0.3,0.7000000000000001,0.33,0.35006446473238784,0.242761875844849,0.10730258888753882,0.10730258888753882
80,20000,0.3,0.7000000000000001,0.34,0.3548056960708798,0.2433526432866096,0.1114530527842702,0.1114530527842702
80,20000,0.3,0.7000000000000001,0.35000000000000003,0.35962642317473237,0.24394629303891951,0.11568013013581285,0.11568013013581285
80,20000,0.3,0.7000000000000001,0.36,0.3645294287663736,0.2445428462472315,0.11998658251914213,0.11998658251914213
80,20000,0.3,0.7000000000000001,0.37,0.36951761111359577,0.24514232426434415,0.12437528684925162,0.12437528684925162
80,20000,0.3,0.7000000000000001,0.38,0.3745939906519874,0.24574474865294954,0.12884924199903786,0.12884924199903786
80,20000,0.3,0.7000000000000001,0.39,0.37976171705358136,0.24635014118821874,0.13341157586536262,0.13341157586536262
80,20000,0.3,0.7000000000000001,0.4,0.38502407677810213,0.24695852386042522,0.13806555291767691,0.13806555291767691
80,20000,0.3,0.7000000000000001,0.41000000000000003,0.3903845011466129,0.24756991887760782,0.14281458226900506,0.14281458226900506
80,20000,0.3,0.7000000000000001,0.42,0.39584657498112946,0.24818434866827277,0.1476622263128567,0.1476622263128567
80,20000,0.3,0.7000000000000001,0.43,0.40141404585795815,0.24880183588413654,0.1526122099738216,0.1526122099738216
80,20000,0.3,0.7000000000000001,0.44,0.40709083402715784,0.2494224034029093,0.15766843062424854,0.15766843062424854
80,20000,0.3,0.7000000000000001,0.45,0.4128810430556938,0.25004607433112064,0.16283496872457315,0.16283496872457315
80,20000,0.3,0.7000000000000001,0.46,0.41878897125759024,0.2506728720069872,0.16811609925060306,0.16811609925060306
80,20000,0.3,0.7000000000000001,0.47000000000000003,0.4248191239807993,0.25130282000332405,0.17351630397747525,0.17351630397747525
80,20000,0.3,0.7000000000000001,0.48,0.43097622682764175,0.2519359421304999,0.17904028469714184,0.17904028469714184
80,20000,0.3,0.7000000000000001,0.49,0.4372652398936612,0.25257226243943703,0.18469297745422414,0.18469297745422414
80,20000,0.3,0.7000000000000001,0.5,0.4436913731186597,0.2532118052246567,0.190479567894003,0.190479567894003
80,20000,0.3,0.7000000000000001,0.51,0.4502601028536945,0.25385459502737123,0.19640550782632327,0.19640550782632327
80,20000,0.3,0.7000000000000001,0.52,0.45697718975903856,0.2545006566386232,0.20247653312041536,0.20247653312041536
80,20000,0.3,0.7000000000000001,0.53,0.4638486981607283,0.2551500151024726,0.20869868305825573,0.20869868305825573
80,20000,0.3,0.7000000000000001,0.54,0.47088101700752516,0.25580269571923275,0.2150783212882924,0.2150783212882924
80,20000,0.3,0.7000000000000001,0.55,0.47808088258612763,0.2564587240487566,0.22162215853737105,0.22162215853737105
80,20000,0.3,0.7000000000000001,0.56,0.48545540317055047,0.25711812591377314,0.22833727725677733,0.22833727725677733
80,20000,0.3,0.7000000000000001,0.5700000000000001,0.4930120858020423,0.2577809274032756,0.23523115839876674,0.23523115839876674
80,20000,0.3,0.7000000000000001,0.58,0.5007588654190794,0.2584471548759622,0.24231171054311723,0.24231171054311723
80,20000,0.3,0.7000000000000001,0.59,0.5087041365832845,0.2591168349637306,0.2495873016195539,0.2495873016195539
80,20000,0.3,0.7000000000000001,0.6,0.5168567880770251,0.2597899945752264,0.2570667935017987,0.2570667935017987
80,20000,0.3,0.7000000000000001,0.61,0.5252262406825318,0.26046666089944737,0.2647595797830844,0.2647595797830844
80,20000,0.3,0.7000000000000001,0.62,0.5338224884912829,0.26114686140940413,0.27267562708187876,0.27267562708187876
80,20000,0.3,0.7000000000000001,0.63,0.5426561441369013,0.26183062386583844,0.2808255202710629,0.2808255202710629
80,20000,0.3,0.7000000000000001,0.64,0.5517384883958288,0.26251797632099966,0.2892205120748292,0.2892205120748292
80,20000,0.3,0.7000000000000001,0.65,0.5610815246586326,0.26320894712248144,0.29787257753615115,0.29787257753615115
80,20000,0.3,0.7000000000000001,0.66,0.5706980388422678,0.26390356491711847,0.3067944739251493,0.3067944739251493
80,20000,0.3,0.7000000000000001,0.67,0.5806016653914482,0.26460185865494584,0.31599980673650235,0.31599980673650235
80,20000,0.3,0.7000000000000001,0.68,0.59080696010731,0.2653038575932207,0.3255031025140893,0.3255031025140893
80,20000,0.3,0.7000000000000001,0.6900000000000001,0.6013294806459193,0.26600959130050894,0.33531988934541035,0.33531988934541035
80,20000,0.3,0.7000000000000001,0.7000000000000001,0.6121858756504895,0.2667190896608362,0.34546678598965336,0.34546678598965336
80,20000,0.3,0.7000000000000001,0.71,0.6233939836225383,0.26743238287790644,0.35596160074463185,0.35596160074463185
80,20000,0.3,0.7000000000000001,0.72,0.634972942802386,0.26814950147938793,0.3668234413229981,0.3668234413229981
80,20000,0.3,0.7000000000000001,0.73,0.6469433135229384,0.2688704763212687,0.37807283720166973,0.37807283720166973
80,20000,0.3,0.7000000000000001,0.74,0.659327214728118,0.26959533859228174,0.3897318761358362,0.3897318761358362
80,20000,0.3,0.7000000000000001,0.75,0.6721484766153435,0.27032411981840276,0.40182435679694073,0.40182435679694073
80,20000,0.3,0.7000000000000001,0.76,0.6854328116783567,0.2710568518674208,0.4143759598109359,0.4143759598109359
80,20000,0.3,0.7000000000000001,0.77,0.6992080068025521,0.27179356695358337,0.42741443984896876,0.42741443984896876
80,20000,0.3,0.7000000000000001,0.78,0.713504139512268,0.27253429764231735,0.44096984186995064,0.44096984186995064
80,20000,0.3,0.7000000000000001,0.79,0.7283538220036558,0.27327907685502756,0.4550747451486283,0.4550747451486283
80,20000,0.3,0.7000000000000001,0.8,0.7437924772369832,0.27402793787397445,0.4697645393630087,0.4697645393630087
80,20000,0.3,0.7000000000000001,0.81,0.7598586521324513,0.2747809143472314,0.4850777377852199,0.4850777377852199
80,20000,0.3,0.7000000000000001,0.8200000000000001,0.7765943738439387,0.275538040293725,0.5010563335502137,0.5010563335502137
80,20000,0.3,0.7000000000000001,0.8300000000000001,0.7940455562133537,0.2762993501083578,0.5177462061049959,0.5177462061049959
80,20000,0.3,0.7000000000000001,0.84,0.8122624648825464,0.27706487856721757,0.5351975863153289,0.5351975863153289
80,20000,0.3,0.7000000000000001,0.85,0.8313002512211062,0.2778346608328718,0.5534655903882344,0.5534655903882344
80,20000,0.3,0.7000000000000001,0.86,0.8512195672951853,0.27860873245975215,0.5726108348354332,0.5726108348354332
80,20000,0.3,0.7000000000000001,0.87,0.872087276655618,0.2793871293996281,0.5927001472559899,0.5927001472559899
80,20000,0.3,0.7000000000000001,0.88,0.893977278893781,0.2801698880071735,0.6138073908866075,0.6138073908866075
80,20000,0.3,0.7000000000000001,0.89,0.916971469871332,0.2809570450456261,0.636014424825706,0.636014424825706
80,20000,0.3,0.7000000000000001,0.9,0.941160864499076,0.2817486376925434,0.6594122268065326,0.6594122268065326
80,20000,0.3,0.7000000000000001,0.91,0.9666469152166199,0.2825447035456557,0.6841022116709643,0.6841022116709643
80,20000,0.3,0.7000000000000001,0.92,0.9935430673024315,0.28334528062881903,0.7101977866736124,0.7101977866736124
80,20000,0.3,0.7000000000000001,0.93,1.0219766023524943,0.28415040739806896,0.7378261949544254,0.7378261949544254
80,20000,0.3,0.7000000000000001,0.9400000000000001,1.0520908344210622,0.2849601227477789,0.7671307116732833,0.7671307116732833
80,20000,0.3,0.7000000000000001,0.9500000000000001,1.0840477403966822,0.28577446601692247,0.7982732743797597,0.7982732743797597
80,20000,0.3,0.7000000000000001,0.96,1.1180311285376403,0.2865934769954456,0.8314376515421947,0.8314376515421947
80,20000,0.3,0.7000000000000001,0.97,1.1542504785874035,0.28741719593074627,0.8668332826566572,0.8668332826566572
80,20000,0.3,0.7000000000000001,0.98,1.1929456261672222,0.28824566353426845,0.9046999626329537,0.9046999626329537
80,20000,0.3,0.7000000000000001,0.99,1.2343925169452095,0.2890789209882086,0.9453135959570009,0.9453135959570009
80,20000,0.3,0.7000000000000001,1.0,1.2789103277962262,0.2899170099523401,0.9889933178438861,0.9889933178438861
80,20000,0.3,0.8,0.0,0.2015568464125311,0.2015568464125311,0.0,0.0
80,20000,0.3,0.8,0.01,0.2050564551116574,0.20196391851758633,0.003092536594071077,0.003092536594071077
80,20000,0.3,0.8,0.02,0.20857977448955925,0.20237263822775853,0.006207136261800722,0.006207136261800722
80,20000,0.3,0.8,0.03,0.21212796669998552,0.20278301556623773,0.00934495113374778,0.00934495113374778
80,20000,0.3,0.8,0.04,0.21570221296978354,0.20319506063768047,0.012507152332103061,0.012507152332103061
80,20000,0.3,0.8,0.05,0.21930371503497617,0.20360878362903914,0.01569493140593703,0.01569493140593703
80,20000,0.3,0.8,0.06,0.2229336966181173,0.20402419481040154,0.01890950180771575,0.01890950180771575
80,20000,0.3,0.8,0.07,0.22659340495087404,0.20444130453584067,0.022152100415033377,0.022152100415033377
80,20000,0.3,0.8,0.08,0.23028411234596305,0.204860123244275,0.025423989101688055,0.025423989101688055
80,20000,0.3,0.8,0.09,0.23400711782275857,0.2052806614603393,0.028726456362419273,0.028726456362419273
80,20000,0.3,0.8,0.1,0.23776374879110784,0.20570292979526633,0.03206081899584151,0.03206081899584151
80,20000,0.3,0.8,0.11,0.24155536279812567,0.2061269389477792,0.035428423850346474,0.035428423850346474
80,20000,0.3,0.8,0.12,0.24538334934300166,0.2065526997049951,0.03883064963800656,0.03883064963800656
80,20000,0.3,0.8,0.13,0.2492491317651386,0.20698022294333998,0.04226890882179862,0.04226890882179862
80,20000,0.3,0.8,0.14,0.2531541692112565,0.2074095196294748,0.045744649581781704,0.045744649581781704
80,20000,0.3,0.8,0.15,0.2570999586874382,0.20784060082123312,0.049259357866205056,0.049259357866205056
80,20000,0.3,0.8,0.16,0.2610880372024679,0.20827347766857077,0.05281455953389716,0.05281455953389716
80,20000,0.3,0.8,0.17,0.2651199840092269,0.20870816141452692,0.056411822594699956,0.056411822594699956
80,20000,0.3,0.8,0.18,0.26919742295135085,0.20914466339619772,0.06005275955515313,0.06005275955515313
80,20000,0.3,0.8,0.19,0.2733220249228517,0.20958299504572178,0.0637390298771299,0.0637390298771299
80,20000,0.3,0.8,0.2,0.2774955104489281,0.21002316789127823,0.06747234255764989,0.06747234255764989
80,20000,0.3,0.8,0.21,0.2817196523967802,0.21046519355809745,0.07125445883868275,0.07125445883868275
80,20000,0.3,0.8,0.22,0.2859962788258688,0.2109090837694845,0.07508719505638431,0.07508719505638431
80,20000,0.3,0.8,0.23,0.29032727598776015,0.21135485034785553,0.07897242563990461,0.07897242563990461
80,20000,0.3,0.8,0.24,0.2947145914864439,0.2118025052157874,0.08291208627065652,0.08291208627065652
80,20000,0.3,0.8,0.25,0.2991602376108436,0.21225206039708053,0.08690817721376307,0.08690817721376307
80,20000,0.3,0.8,0.26,0.3036662948521358,0.21270352801783565,0.09096276683430016,0.09096276683430016
80,20000,0.3,0.8,0.27,0.3082349156194816,0.21315692030754396,0.09507799531193761,0.09507799531193761
80,20000,0.3,0.8,0.28,0.31286832816885035,0.2136122496001914,0.09925607856865895,0.09925607856865895
80,20000,0.3,0.8,0.29,0.3175688407607946,0.2140695283353771,0.10349931242541752,0.10349931242541752
80,20000,0.3,0.8,0.3,0.3223388460643282,0.21452876905944634,0.10781007700488188,0.10781007700488188
80,20000,0.3,0.8,0.31,0.3271808258254742,0.21498998442663791,0.11219084139883628,0.11219084139883628
80,20000,0.3,0.8,0.32,0.332097355820601,0.21545318720024642,0.1166441686203546,0.1166441686203546
80,20000,0.3,0.8,0.33,0.3370911111163737,0.2159183902537997,0.121172720862574,0.121172720862574
80,20000,0.3,0.8,0.34,0.3421648716600148,0.21638560657225142,0.12577926508776338,0.12577926508776338
80,20000,0.3,0.8,0.35000000000000003,0.34732152822563644,0.2168548492531893,0.13046667897244715,0.13046667897244715
80,20000,0.3,0.8,0.36,0.35256408874466505,0.21732613150805888,0.13523795723660617,0.13523795723660617
80,20000,0.3,0.8,0.37,0.3578956850508842,0.21779946666340363,0.14009621838748057,0.14009621838748057
80,20000,0.3,0.8,0.38,0.3633195800733765,0.21827486816212097,0.14504471191125554,0.14504471191125554
80,20000,0.3,0.8,0.39,0.36883917551368434,0.21875234956473494,0.1500868259489494,0.1500868259489494
80,20000,0.3,0.8,0.4,0.3744580200468754,0.21923192455068558,0.15522609549618982,0.15522609549618982
80,20000,0.3,0.8,0.41000000000000003,0.3801798180899195,0.2197136069196352,0.1604662111702843,0.1604662111702843
80,20000,0.3,0.8,0.42,0.3860084391849028,0.22019741059279227,0.16581102859211053,0.16581102859211053
80,20000,0.3,0.8,0.43,0.3919479280491777,0.2206833496142523,0.17126457843492543,0.17126457843492543
80,20000,0.3,0.8,0.44,0.39800251534962244,0.22117143815235693,0.1768310771972655,0.1768310771972655
80,20000,0.3,0.8,0.45,0.404176629263823,0.22166169050107098,0.182514938762752,0.182514938762752
80,20000,0.3,0.8,0.46,0.41047490789727425,0.22215412108137775,0.1883207868158965,0.1883207868158965
80,20000,0.3,0.8,0.47000000000000003,0.41690221263269084,0.22264874444269314,0.1942534681899977,0.1942534681899977
80,20000,0.3,0.8,0.48,0.42346364249533225,0.22314557526429854,0.2003180672310337,0.2003180672310337
80,20000,0.3,0.8,0.49,0.4301645496269738,0.22364462835679297,0.20651992127018085,0.20651992127018085
80,20000,0.3,0.8,0.5,0.43701055597091937,0.22414591866356504,0.21286463730735433,0.21286463730735433
80,20000,0.3,0.8,0.51,0.44400757128140383,0.22464946126228413,0.2193581100191197,0.2193581100191197
80,20000,0.3,0.8,0.52,0.45116181258301197,0.22515527136641242,0.22600654121659955,0.22600654121659955
80,20000,0.3,0.8,0.53,0.45847982521955,0.22566336432673684,0.23281646089281316,0.23281646089281316
80,20000,0.3,0.8,0.54,0.46596850564735515,0.22617375563292225,0.2397947500144329,0.2397947500144329
80,20000,0.3,0.8,0.55,0.4736351261455501,0.22668646091508524,0.24694866523046485,0.24694866523046485
80,20000,0.3,0.8,0.56,0.48148736163554984,0.22720149594538996,0.2542858656901599,0.2542858656901599
80,20000,0.3,0.8,0.5700000000000001,0.48953331882452455,0.22771887663966534,0.2618144421848592,0.2618144421848592
80,20000,0.3,0.8,0.58,0.4977815679129007,0.22823861905904447,0.2695429488538562,0.2695429488538562
80,20000,0.3,0.8,0.59,0.5062411771348027,0.22876073941162683,0.2774804377231758,0.2774804377231758
80,20000,0.3,0.8,0.6,0.5149217504331092,0.22928525405416297,0.28563649637894617,0.28563649637894617
80,20000,0.3,0.8,0.61,0.5238334686081542,0.22981217949376265,0.2940212891143915,0.2940212891143915
80,20000,0.3,0.8,0.62,0.5329871343217412,0.2303415323896266,0.30264560193211454,0.30264560193211454
80,20000,0.3,0.8,0.63,0.5423942213869388,0.23087332955480208,0.3115208918321367,0.3115208918321367
80,20000,0.3,0.8,0.64,0.5520669288300551,0.23140758795796307,0.3206593408720921,0.3206593408720921
80,20000,0.3,0.8,0.65,0.5620182402754619,0.2319443247252151,0.3300739155502468,0.3300739155502468
80,20000,0.3,0.8,0.66,0.5722619892779306,0.23248355714192506,0.33977843213600556,0.33977843213600556
80,20000,0.3,0.8,0.67,0.5828129313125512,0.2330253026545772,0.34978762865797397,0.34978762865797397
80,20000,0.3,0.8,0.68,0.5936868232310891,0.23356957887265417,0.36011724435843495,0.36011724435843495
80,20000,0.3,0.8,0.6900000000000001,0.6049005111081895,0.23411640357054575,0.3707841075376438,0.3707841075376438
80,20000,0.3,0.8,0.7000000000000001,0.6164720275340173,0.23466579468948298,0.3818062328445343,0.3818062328445343
80,20000,0.3,0.8,0.71,0.6284206995651274,0.23521777033950103,0.39320292922562633,0.39320292922562633
80,20000,0.3,0.8,0.72,0.6407672687267656,0.23577234880142883,0.40499491992533676,0.40499491992533676
80,20000,0.3,0.8,0.73,0.6535340246723707,0.23632954852890725,0.4172044761434634,0.4172044761434634
80,20000,0.3,0.8,0.74,0.6667449543559115,0.2368893881504361,0.42985556620547544,0.42985556620547544
80,20000,0.3,0.8,0.75,0.6804259088672104,0.23745188647144996,0.44297402239576045,0.44297402239576045
80,20000,0.3,0.8,0.76,0.6946047904286939,0.23801706247642415,0.45658772795226976,0.45658772795226976
80,20000,0.3,0.8,0.77,0.7093117624651789,0.2385849353310103,0.4707268271341686,0.4707268271341686
80,20000,0.3,0.8,0.78,0.7245794861500948,0.2391555243842029,0.4854239617658919,0.4854239617658919
80,20000,0.3,0.8,0.79,0.7404433874189666,0.2397288491705369,0.5007145382484297,0.5007145382484297
80,20000,0.3,0.8,0.8,0.7569419591451738,0.24030492941231713,0.5166370297328566,0.5166370297328566
80,20000,0.3,0.8,0.81,0.7741171040203679,0.24088378502187968,0.5332333189984882,0.5332333189984882
80,20000,0.3,0.8,0.8200000000000001,0.792014524705612,0.24146543610388632,0.5505490886017257,0.5505490886017257
80,20000,0.3,0.8,0.8300000000000001,0.810684169061063,0.24204990295765205,0.568634266103411,0.568634266103411
80,20000,0.3,0.8,0.84,0.8301807397748034,0.24263720607950665,0.5875435336952968,0.5875435336952968
80,20000,0.3,0.8,0.85,0.8505642795626706,0.2432273661651906,0.60733691339748,0.60733691339748
80,20000,0.3,0.8,0.86,0.8719008453869965,0.24382040411228628,0.6280804412747103,0.6280804412747103
80,20000,0.3,0.8,0.87,0.8942632879544034,0.24441634102268422,0.6498469469317192,0.6498469469317192
80,20000,0.3,0.8,0.88,0.917732156245361,0.2450151982050866,0.6727169580402743,0.6727169580402743
80,20000,0.3,0.8,0.89,0.9423967511893581,0.24561699717754654,0.6967797540118115,0.6967797540118115
80,20000,0.3,0.8,0.9,0.9683563580762827,0.2462217596700458,0.722134598406237,0.722134598406237
80,20000,0.3,0.8,0.91,0.9957216942137087,0.2468295076271102,0.7488921865865985,0.7488921865865985
80,20000,0.3,0.8,0.92,1.0246166171364899,0.2474402632104638,0.7771763539260261,0.7771763539260261
80,20000,0.3,0.8,0.93,1.0551801499337223,0.248054048801723,0.8071261011319993,0.8071261011319993
80,20000,0.3,0.8,0.9400000000000001,1.0875688947697275,0.24867088700513038,0.8388980077645971,0.8388980077645971
80,20000,0.3,0.8,0.9500000000000001,1.121959924520296,0.24929080065032977,0.8726691238699662,0.8726691238699662
80,20000,0.3,0.8,0.96,1.158554267111378,0.24991381279518263,0.9086404543161953,0.9086404543161953
80,20000,0.3,0.8,0.97,1.19758112970593,0.25053994672862717,0.9470411829773029,0.9470411829773029
80,20000,0.3,0.8,0.98,1.2393030532480869,0.2511692259735801,0.9881338272745068,0.9881338272745068
80,20000,0.3,0.8,0.99,1.2840222461830513,0.2518016742898825,1.0322205718931687,1.0322205718931687
80,20000,0.3,0.8,1.0,1.33208842538315,0.25243731567729033,1.0796511097058596,1.0796511097058596
