seed,d,lam,t,mismatch
30,4,0.5,0.0,2.174672589722116e-16
30,4,0.5,0.05025125628140704,0.02601191313122107
30,4,0.5,0.10050251256281408,0.05095698982094851
30,4,0.5,0.15075376884422112,0.07429898589474919
30,4,0.5,0.20100502512562815,0.09557062335710312
30,4,0.5,0.2512562814070352,0.1143884923567314
30,4,0.5,0.30150753768844224,0.13047563726060132
30,4,0.5,0.35175879396984927,0.14368990020735822
30,4,0.5,0.4020100502512563,0.15405285823796344
30,4,0.5,0.45226130653266333,0.16176822204668598
30,4,0.5,0.5025125628140704,0.16720539853430733
30,4,0.5,0.5527638190954774,0.17080535490196724
30,4,0.5,0.6030150753768845,0.17287878366644566
30,4,0.5,0.6532663316582915,0.17337925542543836
30,4,0.5,0.7035175879396985,0.17186449102057483
30,4,0.5,0.7537688442211056,0.16773279570565175
30,4,0.5,0.8040201005025126,0.16055316826958171
30,4,0.5,0.8542713567839196,0.15030988633959613
30,4,0.5,0.9045226130653267,0.1375589032422247
30,4,0.5,0.9547738693467337,0.1235472294528241
30,4,0.5,1.0050251256281408,0.11014317074593719
30,4,0.5,1.0552763819095479,0.0990008236077401
30,4,0.5,1.105527638190955,0.09027458079021976
30,4,0.5,1.155778894472362,0.08315395177481788
30,4,0.5,1.206030150753769,0.0838735130938015
30,4,0.5,1.256281407035176,0.08838191991378805
30,4,0.5,1.306532663316583,0.09773504660034771
30,4,0.5,1.35678391959799,0.11173608099757829
30,4,0.5,1.407035175879397,0.12391907515341469
30,4,0.5,1.4572864321608041,0.13396776845303277
30,4,0.5,1.5075376884422111,0.14219104698102464
30,4,0.5,1.5577889447236182,0.14915089901868991
30,4,0.5,1.6080402010050252,0.15535209049758247
30,4,0.5,1.6582914572864322,0.16101723649712885
30,4,0.5,1.7085427135678393,0.16605230516215957
30,4,0.5,1.7587939698492463,0.17018172832442258
30,4,0.5,1.8090452261306533,0.17311707684329178
30,4,0.5,1.8592964824120604,0.17465231250000948
30,4,0.5,1.9095477386934674,0.17466542707266086
30,4,0.5,1.9597989949748744,0.17306448276012376
30,4,0.5,2.0100502512562817,0.1697437834639046
30,4,0.5,2.0603015075376887,0.16460698022285877
30,4,0.5,2.1105527638190957,0.1576570051316594
30,4,0.5,2.1608040201005028,0.14909361615246677
30,4,0.5,2.21105527638191,0.1393552255573277
30,4,0.5,2.261306532663317,0.12908098619397423
30,4,0.5,2.311557788944724,0.11901425966641202
30,4,0.5,2.361809045226131,0.10993666650903233
30,4,0.5,2.412060301507538,0.11240419949613084
30,4,0.5,2.462311557788945,0.11699460201799886
30,4,0.5,2.512562814070352,0.12064633450701376
30,4,0.5,2.562814070351759,0.12271190493546412
30,4,0.5,2.613065326633166,0.12401036046762742
30,4,0.5,2.663316582914573,0.12564191264678196
30,4,0.5,2.71356783919598,0.12399247154825616
30,4,0.5,2.763819095477387,0.11959210041122864
30,4,0.5,2.814070351758794,0.11329125679501281
30,4,0.5,2.864321608040201,0.10601003798224573
30,4,0.5,2.9145728643216082,0.09860256487419675
30,4,0.5,2.9648241206030153,0.09245943711279249
30,4,0.5,3.0150753768844223,0.09239013421171778
30,4,0.5,3.0653266331658293,0.10428149449773041
30,4,0.5,3.1155778894472363,0.12204628014590575
30,4,0.5,3.1658291457286434,0.13989840079985957
30,4,0.5,3.2160804020100504,0.1553804397613534
30,4,0.5,3.2663316582914574,0.16723888115002644
30,4,0.5,3.3165829145728645,0.1748489729712513
30,4,0.5,3.3668341708542715,0.17809708580661504
30,4,0.5,3.4170854271356785,0.17737737842713874
30,4,0.5,3.4673366834170856,0.17360865612232906
30,4,0.5,3.5175879396984926,0.16816704235268795
30,4,0.5,3.5678391959798996,0.16252522729217264
30,4,0.5,3.6180904522613067,0.15752452025121708
30,4,0.5,3.6683417085427137,0.15291170811678648
30,4,0.5,3.7185929648241207,0.14778292293567427
30,4,0.5,3.7688442211055277,0.1413563775206108
30,4,0.5,3.819095477386935,0.13339779877365288
30,4,0.5,3.869346733668342,0.124373518834858
30,4,0.5,3.919597989949749,0.11554325981948083
30,4,0.5,3.969849246231156,0.10885073541604637
30,4,0.5,4.020100502512563,0.10605003991482018
30,4,0.5,4.07035175879397,0.10755599423211572
30,4,0.5,4.120603015075377,0.11276514388278794
30,4,0.5,4.170854271356784,0.12082826860977997
30,4,0.5,4.2211055276381915,0.13066748076554424
30,4,0.5,4.2713567839195985,0.1409514230719794
30,4,0.5,4.3216080402010055,0.150324615165127
30,4,0.5,4.371859296482413,0.15765718572985907
30,4,0.5,4.42211055276382,0.1621796998851644
30,4,0.5,4.472361809045227,0.16352424017474185
30,4,0.5,4.522613065326634,0.16170854763168527
30,4,0.5,4.572864321608041,0.15706049473993017
30,4,0.5,4.623115577889448,0.1500770698920617
30,4,0.5,4.673366834170855,0.14129108977517868
30,4,0.5,4.723618090452262,0.13126900977561506
30,4,0.5,4.773869346733669,0.12072312699702614
30,4,0.5,4.824120603015076,0.11057469291910615
30,4,0.5,4.874371859296483,0.10185058522726087
30,4,0.5,4.92462311557789,0.09539992466244393
30,4,0.5,4.974874371859297,0.09352092031852637
30,4,0.5,5.025125628140704,0.10042205818948732
30,4,0.5,5.075376884422111,0.10610981950513557
30,4,0.5,5.125628140703518,0.10953046853937795
30,4,0.5,5.175879396984925,0.11003693561026742
30,4,0.5,5.226130653266332,0.10906245546652424
30,4,0.5,5.276381909547739,0.1120456125901032
30,4,0.5,5.326633165829146,0.11331727830185837
30,4,0.5,5.376884422110553,0.11410197671195221
30,4,0.5,5.42713567839196,0.1159753918857016
30,4,0.5,5.477386934673367,0.1203022730647539
30,4,0.5,5.527638190954774,0.12755676420988946
30,4,0.5,5.577889447236181,0.13721069114647128
30,4,0.5,5.628140703517588,0.14824112422878272
30,4,0.5,5.678391959798995,0.1596174072784376
30,4,0.5,5.728643216080402,0.17374110135875354
30,4,0.5,5.778894472361809,0.18432970797844583
30,4,0.5,5.8291457286432165,0.19007591350848568
30,4,0.5,5.8793969849246235,0.19139952755035639
30,4,0.5,5.9296482412060305,0.1925329922744134
30,4,0.5,5.9798994974874375,0.1902959823150408
30,4,0.5,6.030150753768845,0.18480201907497917
30,4,0.5,6.080402010050252,0.17641576265030917
30,4,0.5,6.130653266331659,0.1657537394267143
30,4,0.5,6.180904522613066,0.1536862586968406
30,4,0.5,6.231155778894473,0.14132811243989007
30,4,0.5,6.28140703517588,0.12997423777963013
30,4,0.5,6.331658291457287,0.12088450228325245
30,4,0.5,6.381909547738694,0.11486440505000896
30,4,0.5,6.432160804020101,0.1119171022602429
30,4,0.5,6.482412060301508,0.111419491520626
30,4,0.5,6.532663316582915,0.11263848980167568
30,4,0.5,6.582914572864322,0.11506031705917642
30,4,0.5,6.633165829145729,0.11850757140500578
30,4,0.5,6.683417085427136,0.12315677929425944
30,4,0.5,6.733668341708543,0.12937147945863126
30,4,0.5,6.78391959798995,0.1373101775895703
30,4,0.5,6.834170854271357,0.14655796033956148
30,4,0.5,6.884422110552764,0.15613088489851934
30,4,0.5,6.934673366834171,0.1647995532229945
30,4,0.5,6.984924623115578,0.17140984507353685
30,4,0.5,7.035175879396985,0.17505478202118374
30,4,0.5,7.085427135678392,0.17513208410482567
30,4,0.5,7.135678391959799,0.17134473418245488
30,4,0.5,7.185929648241206,0.1636739375211027
30,4,0.5,7.236180904522613,0.15233579715538187
30,4,0.5,7.28643216080402,0.13772853816773317
30,4,0.5,7.336683417085427,0.12037958098986781
30,4,0.5,7.386934673366834,0.10090722995632334
30,4,0.5,7.437185929648241,0.08002251331668793
30,4,0.5,7.4874371859296485,0.05865059997078281
30,4,0.5,7.5376884422110555,0.03888797338959339
30,4,0.5,7.5879396984924625,0.03606831402606006
30,4,0.5,7.63819095477387,0.049998927907748576
30,4,0.5,7.688442211055277,0.0672158463486902
30,4,0.5,7.738693467336684,0.08533392690383601
30,4,0.5,7.788944723618091,0.10308154317492611
30,4,0.5,7.839195979899498,0.11959457260031883
30,4,0.5,7.889447236180905,0.13431728220773556
30,4,0.5,7.939698492462312,0.14696256623883563
30,4,0.5,7.989949748743719,0.15746255742303544
30,4,0.5,8.040201005025127,0.16589200652475858
30,4,0.5,8.090452261306533,0.17234771040181096
30,4,0.5,8.14070351758794,0.17679866899827978
30,4,0.5,8.190954773869347,0.1789813989506351
30,4,0.5,8.241206030150755,0.17843056942874802
30,4,0.5,8.291457286432161,0.17464855179733496
30,4,0.5,8.341708542713569,0.167326431774991
30,4,0.5,8.391959798994975,0.15655665804801783
30,4,0.5,8.442211055276383,0.14310045049472944
30,4,0.5,8.492462311557789,0.12890089287373058
30,4,0.5,8.542713567839197,0.11731364586463879
30,4,0.5,8.592964824120603,0.11004137901099911
30,4,0.5,8.643216080402011,0.10510831335880455
30,4,0.5,8.693467336683417,0.10045173790088505
30,4,0.5,8.743718592964825,0.0951241581938947
30,4,0.5,8.793969849246231,0.08895384531886438
30,4,0.5,8.84422110552764,0.08756120452744574
30,4,0.5,8.894472361809045,0.0981532444560324
30,4,0.5,8.944723618090453,0.11098158894442281
30,4,0.5,8.99497487437186,0.12137629722786822
30,4,0.5,9.045226130653267,0.12957548775828334
30,4,0.5,9.095477386934673,0.13618533312291392
30,4,0.5,9.145728643216081,0.14188813224298363
30,4,0.5,9.195979899497488,0.1471961222950415
30,4,0.5,9.246231155778895,0.1523092725979302
30,4,0.5,9.296482412060302,0.1571355576974204
30,4,0.5,9.34673366834171,0.1614164820326806
30,4,0.5,9.396984924623116,0.16484298970452874
30,4,0.5,9.447236180904524,0.16710272161471834
30,4,0.5,9.49748743718593,0.16788431426662082
30,4,0.5,9.547738693467338,0.1668995399265397
30,4,0.5,9.597989949748744,0.16395292275019582
30,4,0.5,9.648241206030152,0.15903062579165345
30,4,0.5,9.698492462311558,0.15235508514969232
30,4,0.5,9.748743718592966,0.1443713685024977
30,4,0.5,9.798994974874372,0.13566540286576145
30,4,0.5,9.84924623115578,0.12684297864173594
30,4,0.5,9.899497487437186,0.1184222958389903
30,4,0.5,9.949748743718594,0.1108622631104675
30,4,0.5,10.0,0.11378646159679792
30,4,0.7,0.0,2.910350078155313e-16
30,4,0.7,0.05025125628140704,0.03641667838370946
30,4,0.7,0.10050251256281408,0.07133978574932792
30,4,0.7,0.15075376884422112,0.10401858025264879
30,4,0.7,0.20100502512562815,0.13379887269994445
30,4,0.7,0.2512562814070352,0.16014388929942394
30,4,0.7,0.30150753768844224,0.1826658921648418
30,4,0.7,0.35175879396984927,0.20116586029030156
30,4,0.7,0.4020100502512563,0.21567400153314875
30,4,0.7,0.45226130653266333,0.22647551086536039
30,4,0.7,0.5025125628140704,0.2340875579480303
30,4,0.7,0.5527638190954774,0.239127496862754
30,4,0.7,0.6030150753768845,0.24203029713302382
30,4,0.7,0.6532663316582915,0.24273095759561364
30,4,0.7,0.7035175879396985,0.24061028742880466
30,4,0.7,0.7537688442211056,0.2348259139879125
30,4,0.7,0.8040201005025126,0.22477443557741433
30,4,0.7,0.8542713567839196,0.21043384087543454
30,4,0.7,0.9045226130653267,0.19258246453911448
30,4,0.7,0.9547738693467337,0.1729661212339537
30,4,0.7,1.0050251256281408,0.15420043904431208
30,4,0.7,1.0552763819095479,0.13860115305083615
30,4,0.7,1.105527638190955,0.12638441310630766
30,4,0.7,1.155778894472362,0.11641553248474501
30,4,0.7,1.206030150753769,0.11742291833132201
30,4,0.7,1.256281407035176,0.12373468787930325
30,4,0.7,1.306532663316583,0.1368290652404867
30,4,0.7,1.35678391959799,0.15643051339660963
30,4,0.7,1.407035175879397,0.17348670521478052
30,4,0.7,1.4572864321608041,0.18755487583424585
30,4,0.7,1.5075376884422111,0.19906746577343443
30,4,0.7,1.5577889447236182,0.2088112586261658
30,4,0.7,1.6080402010050252,0.21749292669661535
30,4,0.7,1.6582914572864322,0.22542413109598042
30,4,0.7,1.7085427135678393,0.23247322722702346
30,4,0.7,1.7587939698492463,0.23825441965419158
30,4,0.7,1.8090452261306533,0.2423639075806085
30,4,0.7,1.8592964824120604,0.2445132375000133
30,4,0.7,1.9095477386934674,0.24453159790172507
30,4,0.7,1.9597989949748744,0.24229027586417312
30,4,0.7,2.0100502512562817,0.2376412968494664
30,4,0.7,2.0603015075376887,0.23044977231200237
30,4,0.7,2.1105527638190957,0.22071980718432316
30,4,0.7,2.1608040201005028,0.20873106261345353
30,4,0.7,2.21105527638191,0.19509731578025868
30,4,0.7,2.261306532663317,0.18071338067156384
30,4,0.7,2.311557788944724,0.1666199635329768
30,4,0.7,2.361809045226131,0.15391133311264515
30,4,0.7,2.412060301507538,0.15736587929458323
30,4,0.7,2.462311557788945,0.1637924428251984
30,4,0.7,2.512562814070352,0.16890486830981932
30,4,0.7,2.562814070351759,0.17179666690964973
30,4,0.7,2.613065326633166,0.17361450465467843
30,4,0.7,2.663316582914573,0.17589867770549472
30,4,0.7,2.71356783919598,0.1735894601675585
30,4,0.7,2.763819095477387,0.16742894057571997
30,4,0.7,2.814070351758794,0.15860775951301792
30,4,0.7,2.864321608040201,0.14841405317514395
30,4,0.7,2.9145728643216082,0.13804359082387532
30,4,0.7,2.9648241206030153,0.12944321195790945
30,4,0.7,3.0150753768844223,0.12934618789640487
30,4,0.7,3.0653266331658293,0.1459940922968226
30,4,0.7,3.1155778894472363,0.17086479220426795
30,4,0.7,3.1658291457286434,0.19585776111980346
30,4,0.7,3.2160804020100504,0.21753261566589494
30,4,0.7,3.2663316582914574,0.23413443361003694
30,4,0.7,3.3165829145728645,0.24478856215975178
30,4,0.7,3.3668341708542715,0.24933592012926117
30,4,0.7,3.4170854271356785,0.2483283297979941
30,4,0.7,3.4673366834170856,0.24305211857126074
30,4,0.7,3.5175879396984926,0.23543385929376315
30,4,0.7,3.5678391959798996,0.22753531820904166
30,4,0.7,3.6180904522613067,0.220534328351704
30,4,0.7,3.6683417085427137,0.21407639136350098
30,4,0.7,3.7185929648241207,0.20689609210994395
30,4,0.7,3.7688442211055277,0.1978989285288552
30,4,0.7,3.819095477386935,0.18675691828311403
30,4,0.7,3.869346733668342,0.174122926368801
30,4,0.7,3.919597989949749,0.16176056374727313
30,4,0.7,3.969849246231156,0.15239102958246487
30,4,0.7,4.020100502512563,0.1484700558807482
30,4,0.7,4.07035175879397,0.1505783919249619
30,4,0.7,4.120603015075377,0.15787120143590305
30,4,0.7,4.170854271356784,0.16915957605369192
30,4,0.7,4.2211055276381915,0.18293447307176192
30,4,0.7,4.2713567839195985,0.19733199230077114
30,4,0.7,4.3216080402010055,0.21045446123117773
30,4,0.7,4.371859296482413,0.22072006002180267
30,4,0.7,4.42211055276382,0.2270515798392301
30,4,0.7,4.472361809045227,0.2289339362446386
30,4,0.7,4.522613065326634,0.22639196668435918
30,4,0.7,4.572864321608041,0.21988469263590227
30,4,0.7,4.623115577889448,0.21010789784888637
30,4,0.7,4.673366834170855,0.19780752568525012
30,4,0.7,4.723618090452262,0.18377661368586118
30,4,0.7,4.773869346733669,0.16901237779583647
30,4,0.7,4.824120603015076,0.15480457008674858
30,4,0.7,4.874371859296483,0.1425908193181652
30,4,0.7,4.92462311557789,0.13355989452742154
30,4,0.7,4.974874371859297,0.13092928844593696
30,4,0.7,5.025125628140704,0.1405908814652823
30,4,0.7,5.075376884422111,0.14855374730718984
30,4,0.7,5.125628140703518,0.15334265595512908
30,4,0.7,5.175879396984925,0.15405170985437433
30,4,0.7,5.226130653266332,0.15268743765313395
30,4,0.7,5.276381909547739,0.15686385762614447
30,4,0.7,5.326633165829146,0.15864418962260174
30,4,0.7,5.376884422110553,0.15974276739673313
30,4,0.7,5.42713567839196,0.16236554863998223
30,4,0.7,5.477386934673367,0.1684231822906554
30,4,0.7,5.527638190954774,0.1785794698938452
30,4,0.7,5.577889447236181,0.19209496760505979
30,4,0.7,5.628140703517588,0.20753757392029576
30,4,0.7,5.678391959798995,0.2234643701898127
30,4,0.7,5.728643216080402,0.2432375419022549
30,4,0.7,5.778894472361809,0.2580615911698242
30,4,0.7,5.8291457286432165,0.2661062789118799
30,4,0.7,5.8793969849246235,0.2679593385704988
30,4,0.7,5.9296482412060305,0.2695461891841787
30,4,0.7,5.9798994974874375,0.2664143752410571
30,4,0.7,6.030150753768845,0.2587228267049707
30,4,0.7,6.080402010050252,0.24698206771043285
30,4,0.7,6.130653266331659,0.23205523519740018
30,4,0.7,6.180904522613066,0.21516076217557673
30,4,0.7,6.231155778894473,0.197859357415846
30,4,0.7,6.28140703517588,0.1819639328914822
30,4,0.7,6.331658291457287,0.16923830319655336
30,4,0.7,6.381909547738694,0.1608101670700125
30,4,0.7,6.432160804020101,0.15668394316434006
30,4,0.7,6.482412060301508,0.15598728812887636
30,4,0.7,6.532663316582915,0.1576938857223459
30,4,0.7,6.582914572864322,0.161084443882847
30,4,0.7,6.633165829145729,0.16591059996700802
30,4,0.7,6.683417085427136,0.17241949101196313
30,4,0.7,6.733668341708543,0.18112007124208368
30,4,0.7,6.78391959798995,0.1922342486253984
30,4,0.7,6.834170854271357,0.205181144475386
30,4,0.7,6.884422110552764,0.21858323885792702
30,4,0.7,6.934673366834171,0.23071937451219227
30,4,0.7,6.984924623115578,0.23997378310295148
30,4,0.7,7.035175879396985,0.24507669482965722
30,4,0.7,7.085427135678392,0.24518491774675594
30,4,0.7,7.135678391959799,0.23988262785543674
30,4,0.7,7.185929648241206,0.22914351252954382
30,4,0.7,7.236180904522613,0.21327011601753454
30,4,0.7,7.28643216080402,0.19281995343482633
30,4,0.7,7.336683417085427,0.16853141338581504
30,4,0.7,7.386934673366834,0.14127012193885272
30,4,0.7,7.437185929648241,0.11203151864336308
30,4,0.7,7.4874371859296485,0.0821108399590959
30,4,0.7,7.5376884422110555,0.054443162745430734
30,4,0.7,7.5879396984924625,0.05049563963648407
30,4,0.7,7.63819095477387,0.06999849907084797
30,4,0.7,7.688442211055277,0.0941021848881663
30,4,0.7,7.738693467336684,0.11946749766537046
30,4,0.7,7.788944723618091,0.14431416044489653
30,4,0.7,7.839195979899498,0.16743240164044626
30,4,0.7,7.889447236180905,0.1880441950908299
30,4,0.7,7.939698492462312,0.20574759273436982
30,4,0.7,7.989949748743719,0.2204475803922496
30,4,0.7,8.040201005025127,0.23224880913466203
30,4,0.7,8.090452261306533,0.24128679456253538
30,4,0.7,8.14070351758794,0.24751813659759178
30,4,0.7,8.190954773869347,0.2505739585308892
30,4,0.7,8.241206030150755,0.2498027972002472
30,4,0.7,8.291457286432161,0.24450797251626885
30,4,0.7,8.341708542713569,0.23425700448498726
30,4,0.7,8.391959798994975,0.21917932126722484
30,4,0.7,8.442211055276383,0.20034063069262117
30,4,0.7,8.492462311557789,0.18046125002322289
30,4,0.7,8.542713567839197,0.16423910421049426
30,4,0.7,8.592964824120603,0.1540579306153987
30,4,0.7,8.643216080402011,0.1471516387023264
30,4,0.7,8.693467336683417,0.14063243306123904
30,4,0.7,8.743718592964825,0.1331738214714525
30,4,0.7,8.793969849246231,0.12453538344641014
30,4,0.7,8.84422110552764,0.12258568633842404
30,4,0.7,8.894472361809045,0.13741454223844535
30,4,0.7,8.944723618090453,0.15537422452219193
30,4,0.7,8.99497487437186,0.16992681611901544
30,4,0.7,9.045226130653267,0.1814056828615965
30,4,0.7,9.095477386934673,0.1906594663720794
30,4,0.7,9.145728643216081,0.1986433851401772
30,4,0.7,9.195979899497488,0.20607457121305817
30,4,0.7,9.246231155778895,0.21323298163710216
30,4,0.7,9.296482412060302,0.21998978077638853
30,4,0.7,9.34673366834171,0.2259830748457529
30,4,0.7,9.396984924623116,0.23078018558634023
30,4,0.7,9.447236180904524,0.23394381026060562
30,4,0.7,9.49748743718593,0.23503803997326905
30,4,0.7,9.547738693467338,0.23365935589715559
30,4,0.7,9.597989949748744,0.2295340918502742
30,4,0.7,9.648241206030152,0.2226428761083147
30,4,0.7,9.698492462311558,0.21329711920956929
30,4,0.7,9.748743718592966,0.20211991590349684
30,4,0.7,9.798994974874372,0.18993156401206607
30,4,0.7,9.84924623115578,0.1775801700984303
30,4,0.7,9.899497487437186,0.16579121417458653
30,4,0.7,9.949748743718594,0.1552071683546544
30,4,0.7,10.0,0.159301046235517
30,4,0.85,0.0,3.337360888260289e-16
30,4,0.85,0.05025125628140704,0.04422025232307579
30,4,0.85,0.10050251256281408,0.08662688269561247
30,4,0.85,0.15075376884422112,0.12630827602107358
30,4,0.85,0.20100502512562815,0.1624700597070753
30,4,0.85,0.2512562814070352,0.19446043700644333
30,4,0.85,0.30150753768844224,0.22180858334302225
30,4,0.85,0.35175879396984927,0.24427283035250896
30,4,0.85,0.4020100502512563,0.2618898590045377
30,4,0.85,0.45226130653266333,0.2750059774793661
30,4,0.85,0.5025125628140704,0.28424917750832246
30,4,0.85,0.5527638190954774,0.2903691033333442
30,4,0.85,0.6030150753768845,0.29389393223295746
30,4,0.85,0.6532663316582915,0.2947447342232453
30,4,0.85,0.7035175879396985,0.29216963473497726
30,4,0.85,0.7537688442211056,0.2851457526996081
30,4,0.85,0.8040201005025126,0.272940386058289
30,4,0.85,0.8542713567839196,0.2555268067773134
30,4,0.85,0.9045226130653267,0.23385013551178202
30,4,0.85,0.9547738693467337,0.210030290069801
30,4,0.85,1.0050251256281408,0.18724339026809325
30,4,0.85,1.0552763819095479,0.16830140013315828
30,4,0.85,1.105527638190955,0.1534667873433736
30,4,0.85,1.155778894472362,0.14136171801719044
30,4,0.85,1.206030150753769,0.1425849722594625
30,4,0.85,1.256281407035176,0.15024926385343973
30,4,0.85,1.306532663316583,0.16614957922059118
30,4,0.85,1.35678391959799,0.18995133769588327
30,4,0.85,1.407035175879397,0.21066242776080488
30,4,0.85,1.4572864321608041,0.2277452063701557
30,4,0.85,1.5075376884422111,0.24172477986774205
30,4,0.85,1.5577889447236182,0.2535565283317727
30,4,0.85,1.6080402010050252,0.2640985538458902
30,4,0.85,1.6582914572864322,0.273729302045119
30,4,0.85,1.7085427135678393,0.28228891877567136
30,4,0.85,1.7587939698492463,0.2893089381515183
30,4,0.85,1.8090452261306533,0.29429903063359597
30,4,0.85,1.8592964824120604,0.29690893125001605
30,4,0.85,1.9095477386934674,0.2969312260235233
30,4,0.85,1.9597989949748744,0.29420962069221024
30,4,0.85,2.0100502512562817,0.28856443188863773
30,4,0.85,2.0603015075376887,0.27983186637886
30,4,0.85,2.1105527638190957,0.268016908723821
30,4,0.85,2.1608040201005028,0.2534591474591935
30,4,0.85,2.21105527638191,0.23690388344745697
30,4,0.85,2.261306532663317,0.2194376765297562
30,4,0.85,2.311557788944724,0.20232424143290048
30,4,0.85,2.361809045226131,0.18689233306535485
30,4,0.85,2.412060301507538,0.19108713914342249
30,4,0.85,2.462311557788945,0.1988908234305981
30,4,0.85,2.512562814070352,0.20509876866192345
30,4,0.85,2.562814070351759,0.20861023839028897
30,4,0.85,2.613065326633166,0.21081761279496664
30,4,0.85,2.663316582914573,0.2135912514995293
30,4,0.85,2.71356783919598,0.21078720163203535
30,4,0.85,2.763819095477387,0.20330657069908872
30,4,0.85,2.814070351758794,0.19259513655152183
30,4,0.85,2.864321608040201,0.18021706456981765
30,4,0.85,2.9145728643216082,0.16762436028613442
30,4,0.85,2.9648241206030153,0.15718104309174727
30,4,0.85,3.0150753768844223,0.15706322815992024
30,4,0.85,3.0653266331658293,0.17727854064614168
30,4,0.85,3.1155778894472363,0.20747867624803973
30,4,0.85,3.1658291457286434,0.2378272813597613
30,4,0.85,3.2160804020100504,0.2641467475943008
30,4,0.85,3.2663316582914574,0.2843060979550449
30,4,0.85,3.3165829145728645,0.2972432540511271
30,4,0.85,3.3668341708542715,0.30276504587124575
30,4,0.85,3.4170854271356785,0.30154154332613575
30,4,0.85,3.4673366834170856,0.2951347154079595
30,4,0.85,3.5175879396984926,0.2858839719995697
30,4,0.85,3.5678391959798996,0.2762928863966935
30,4,0.85,3.6180904522613067,0.26779168442706897
30,4,0.85,3.6683417085427137,0.2599499037985369
30,4,0.85,3.7185929648241207,0.2512309689906462
30,4,0.85,3.7688442211055277,0.24030584178503833
30,4,0.85,3.819095477386935,0.2267762579152099
30,4,0.85,3.869346733668342,0.21143498201925864
30,4,0.85,3.919597989949749,0.1964235416931174
30,4,0.85,3.969849246231156,0.18504625020727877
30,4,0.85,4.020100502512563,0.18028506785519433
30,4,0.85,4.07035175879397,0.18284519019459675
30,4,0.85,4.120603015075377,0.19170074460073946
30,4,0.85,4.170854271356784,0.20540805663662587
30,4,0.85,4.2211055276381915,0.22213471730142526
30,4,0.85,4.2713567839195985,0.239617419222365
30,4,0.85,4.3216080402010055,0.2555518457807159
30,4,0.85,4.371859296482413,0.26801721574076043
30,4,0.85,4.42211055276382,0.2757054898047794
30,4,0.85,4.472361809045227,0.2779912082970612
30,4,0.85,4.522613065326634,0.2749045309738648
30,4,0.85,4.572864321608041,0.2670028410578813
30,4,0.85,4.623115577889448,0.2551310188165049
30,4,0.85,4.673366834170855,0.24019485261780377
30,4,0.85,4.723618090452262,0.22315731661854565
30,4,0.85,4.773869346733669,0.20522931589494448
30,4,0.85,4.824120603015076,0.18797697796248047
30,4,0.85,4.874371859296483,0.17314599488634344
30,4,0.85,4.92462311557789,0.16217987192615468
30,4,0.85,4.974874371859297,0.1589855645414948
30,4,0.85,5.025125628140704,0.1707174989221285
30,4,0.85,5.075376884422111,0.18038669315873057
30,4,0.85,5.125628140703518,0.18620179651694246
30,4,0.85,5.175879396984925,0.1870627905374546
30,4,0.85,5.226130653266332,0.1854061742930912
30,4,0.85,5.276381909547739,0.19047754140317552
30,4,0.85,5.326633165829146,0.19263937311315926
30,4,0.85,5.376884422110553,0.19397336041031873
30,4,0.85,5.42713567839196,0.19715816620569276
30,4,0.85,5.477386934673367,0.20451386421008153
30,4,0.85,5.527638190954774,0.21684649915681203
30,4,0.85,5.577889447236181,0.23325817494900114
30,4,0.85,5.628140703517588,0.25200991118893057
30,4,0.85,5.678391959798995,0.2713495923733439
30,4,0.85,5.728643216080402,0.29535987230988114
30,4,0.85,5.778894472361809,0.3133605035633579
30,4,0.85,5.8291457286432165,0.3231290529644257
30,4,0.85,5.8793969849246235,0.3253791968356057
30,4,0.85,5.9296482412060305,0.32730608686650287
30,4,0.85,5.9798994974874375,0.3235031699355695
30,4,0.85,6.030150753768845,0.3141634324274646
30,4,0.85,6.080402010050252,0.2999067965055255
30,4,0.85,6.130653266331659,0.2817813570254143
30,4,0.85,6.180904522613066,0.26126663978462894
30,4,0.85,6.231155778894473,0.24025779114781307
30,4,0.85,6.28140703517588,0.22095620422537127
30,4,0.85,6.331658291457287,0.20550365388152908
30,4,0.85,6.381909547738694,0.19526948858501525
30,4,0.85,6.432160804020101,0.19025907384241297
30,4,0.85,6.482412060301508,0.18941313558506429
30,4,0.85,6.532663316582915,0.19148543266284868
30,4,0.85,6.582914572864322,0.19560253900059996
30,4,0.85,6.633165829145729,0.20146287138850977
30,4,0.85,6.683417085427136,0.209366524800241
30,4,0.85,6.733668341708543,0.21993151507967315
30,4,0.85,6.78391959798995,0.2334273019022695
30,4,0.85,6.834170854271357,0.2491485325772545
30,4,0.85,6.884422110552764,0.265422504327483
30,4,0.85,6.934673366834171,0.28015924047909063
30,4,0.85,6.984924623115578,0.2913967366250126
30,4,0.85,7.035175879396985,0.2975931294360123
30,4,0.85,7.085427135678392,0.2977245429782036
30,4,0.85,7.135678391959799,0.2912860481101733
30,4,0.85,7.185929648241206,0.27824569378587455
30,4,0.85,7.236180904522613,0.2589708551641492
30,4,0.85,7.28643216080402,0.23413851488514634
30,4,0.85,7.336683417085427,0.2046452876827754
30,4,0.85,7.386934673366834,0.17154229092574974
30,4,0.85,7.437185929648241,0.13603827263836948
30,4,0.85,7.4874371859296485,0.09970601995033074
30,4,0.85,7.5376884422110555,0.06610955476230879
30,4,0.85,7.5879396984924625,0.06131613384430212
30,4,0.85,7.63819095477387,0.0849981774431726
30,4,0.85,7.688442211055277,0.11426693879277332
30,4,0.85,7.738693467336684,0.14506767573652118
30,4,0.85,7.788944723618091,0.17523862339737434
30,4,0.85,7.839195979899498,0.20331077342054193
30,4,0.85,7.889447236180905,0.22833937975315058
30,4,0.85,7.939698492462312,0.24983636260602057
30,4,0.85,7.989949748743719,0.26768634761916027
30,4,0.85,8.040201005025127,0.28201641109208964
30,4,0.85,8.090452261306533,0.29299110768307873
30,4,0.85,8.14070351758794,0.3005577372970757
30,4,0.85,8.190954773869347,0.30426837821607977
30,4,0.85,8.241206030150755,0.3033319680288715
30,4,0.85,8.291457286432161,0.2969025380554694
30,4,0.85,8.341708542713569,0.28445493401748456
30,4,0.85,8.391959798994975,0.2661463186816303
30,4,0.85,8.442211055276383,0.24327076584104007
30,4,0.85,8.492462311557789,0.21913151788534205
30,4,0.85,8.542713567839197,0.19943319796988598
30,4,0.85,8.592964824120603,0.1870703443186985
30,4,0.85,8.643216080402011,0.17868413270996775
30,4,0.85,8.693467336683417,0.17076795443150455
30,4,0.85,8.743718592964825,0.16171106892962098
30,4,0.85,8.793969849246231,0.15122153704206945
30,4,0.85,8.84422110552764,0.14885404769665778
30,4,0.85,8.894472361809045,0.1668605155752551
30,4,0.85,8.944723618090453,0.1886687012055187
30,4,0.85,8.99497487437186,0.2063397052873758
30,4,0.85,9.045226130653267,0.22027832918908155
30,4,0.85,9.095477386934673,0.2315150663089537
30,4,0.85,9.145728643216081,0.2412098248130722
30,4,0.85,9.195979899497488,0.2502334079015706
30,4,0.85,9.246231155778895,0.2589257634164812
30,4,0.85,9.296482412060302,0.26713044808561465
30,4,0.85,9.34673366834171,0.27440801945555715
30,4,0.85,9.396984924623116,0.28023308249769885
30,4,0.85,9.447236180904524,0.2840746267450211
30,4,0.85,9.49748743718593,0.28540333425325537
30,4,0.85,9.547738693467338,0.2837292178751175
30,4,0.85,9.597989949748744,0.27871996867533294
30,4,0.85,9.648241206030152,0.2703520638458108
30,4,0.85,9.698492462311558,0.259003644754477
30,4,0.85,9.748743718592966,0.24543132645424615
30,4,0.85,9.798994974874372,0.2306311848717945
30,4,0.85,9.84924623115578,0.21563306369095106
30,4,0.85,9.899497487437186,0.2013179029262836
30,4,0.85,9.949748743718594,0.1884658472877948
30,4,0.85,10.0,0.1934369847145564
30,4,0.93,0.0,3.6369008100176193e-16
30,4,0.93,0.05025125628140704,0.04838215842407116
30,4,0.93,0.10050251256281408,0.0947800010669643
30,4,0.93,0.15075376884422112,0.13819611376423346
30,4,0.93,0.20100502512562815,0.17776135944421184
30,4,0.93,0.2512562814070352,0.21276259578352044
30,4,0.93,0.30150753768844224,0.24268468530471832
30,4,0.93,0.35175879396984927,0.2672632143856864
30,4,0.93,0.4020100502512563,0.28653831632261206
30,4,0.93,0.45226130653266333,0.30088889300683586
30,4,0.93,0.5025125628140704,0.3110020412738117
30,4,0.93,0.5527638190954774,0.31769796011765894
30,4,0.93,0.6030150753768845,0.32155453761958885
30,4,0.93,0.6532663316582915,0.32248541509131545
30,4,0.93,0.7035175879396985,0.31966795329826925
30,4,0.93,0.7537688442211056,0.3119830000125122
30,4,0.93,0.8040201005025126,0.2986288929814219
30,4,0.93,0.8542713567839196,0.2795763885916488
30,4,0.93,0.9045226130653267,0.255859560030538
30,4,0.93,0.9547738693467337,0.2297978467822528
30,4,0.93,1.0050251256281408,0.2048662975874432
30,4,0.93,1.0552763819095479,0.18414153191039667
30,4,0.93,1.105527638190955,0.16791072026980874
30,4,0.93,1.155778894472362,0.15466635030116122
30,4,0.93,1.206030150753769,0.1560047343544708
30,4,0.93,1.256281407035176,0.16439037103964588
30,4,0.93,1.306532663316583,0.18178718667664667
30,4,0.93,1.35678391959799,0.20782911065549575
30,4,0.93,1.407035175879397,0.23048947978535125
30,4,0.93,1.4572864321608041,0.24918004932264085
30,4,0.93,1.5075376884422111,0.26447534738470596
30,4,0.93,1.5577889447236182,0.2774206721747632
30,4,0.93,1.6080402010050252,0.2889548883255034
30,4,0.93,1.6582914572864322,0.29949205988465966
30,4,0.93,1.7085427135678393,0.308857287601617
30,4,0.93,1.7587939698492463,0.3165380146834261
30,4,0.93,1.8090452261306533,0.32199776292852267
30,4,0.93,1.8592964824120604,0.32485330125001766
30,4,0.93,1.9095477386934674,0.32487769435514907
30,4,0.93,1.9597989949748744,0.32189993793383026
30,4,0.93,2.0100502512562817,0.3157234372428626
30,4,0.93,2.0603015075376887,0.30616898321451763
30,4,0.93,2.1105527638190957,0.2932420295448865
30,4,0.93,2.1608040201005028,0.2773141260435882
30,4,0.93,2.21105527638191,0.2592007195366295
30,4,0.93,2.261306532663317,0.24009063432079197
30,4,0.93,2.311557788944724,0.22136652297952633
30,4,0.93,2.361809045226131,0.2044821997068001
30,4,0.93,2.412060301507538,0.20907181106280337
30,4,0.93,2.462311557788945,0.21760995975347783
30,4,0.93,2.512562814070352,0.22440218218304575
30,4,0.93,2.562814070351759,0.22824414317996322
30,4,0.93,2.613065326633166,0.2306592704697871
30,4,0.93,2.663316582914573,0.23369395752301453
30,4,0.93,2.71356783919598,0.23062599707975628
30,4,0.93,2.763819095477387,0.22244130676488524
30,4,0.93,2.814070351758794,0.21072173763872382
30,4,0.93,2.864321608040201,0.19717867064697703
30,4,0.93,2.9145728643216082,0.18340077066600585
30,4,0.93,2.9648241206030153,0.17197455302979403
30,4,0.93,3.0150753768844223,0.17184564963379506
30,4,0.93,3.0653266331658293,0.1939635797657786
30,4,0.93,3.1155778894472363,0.22700608107138462
30,4,0.93,3.1658291457286434,0.2602110254877389
30,4,0.93,3.2160804020100504,0.2890076179561174
30,4,0.93,3.2663316582914574,0.311064318939049
30,4,0.93,3.3165829145728645,0.3252190897265274
30,4,0.93,3.3668341708542715,0.33126057960030403
30,4,0.93,3.4170854271356785,0.32992192387447794
30,4,0.93,3.4673366834170856,0.3229121003875322
30,4,0.93,3.5175879396984926,0.31279069877599974
30,4,0.93,3.5678391959798996,0.30229692276344117
30,4,0.93,3.6180904522613067,0.29299560766726385
30,4,0.93,3.6683417085427137,0.28441577709722277
30,4,0.93,3.7185929648241207,0.27487623666035416
30,4,0.93,3.7688442211055277,0.26292286218833616
30,4,0.93,3.819095477386935,0.24811990571899442
30,4,0.93,3.869346733668342,0.23133474503283596
30,4,0.93,3.919597989949749,0.21491046326423435
30,4,0.93,3.969849246231156,0.2024623678738463
30,4,0.93,4.020100502512563,0.19725307424156557
30,4,0.93,4.07035175879397,0.2000541492717352
30,4,0.93,4.120603015075377,0.2097431676219857
30,4,0.93,4.170854271356784,0.2247405796141908
30,4,0.93,4.2211055276381915,0.2430415142239124
30,4,0.93,4.2713567839195985,0.26216964691388167
30,4,0.93,4.3216080402010055,0.27960378420713616
30,4,0.93,4.371859296482413,0.2932423654575379
30,4,0.93,4.42211055276382,0.3016542417864059
30,4,0.93,4.472361809045227,0.30415508672501995
30,4,0.93,4.522613065326634,0.30077789859493453
30,4,0.93,4.572864321608041,0.2921325202162701
30,4,0.93,4.623115577889448,0.27914334999923485
30,4,0.93,4.673366834170855,0.2628014269818324
30,4,0.93,4.723618090452262,0.24416035818264412
30,4,0.93,4.773869346733669,0.2245450162144686
30,4,0.93,4.824120603015076,0.2056689288295375
30,4,0.93,4.874371859296483,0.1894420885227052
30,4,0.93,4.92462311557789,0.17744385987214562
30,4,0.93,4.974874371859297,0.17394891179245917
30,4,0.93,5.025125628140704,0.18678502823244647
30,4,0.93,5.075376884422111,0.19736426427955228
30,4,0.93,5.125628140703518,0.20372667148324303
30,4,0.93,5.175879396984925,0.20466870023509737
30,4,0.93,5.226130653266332,0.20285616716773502
30,4,0.93,5.276381909547739,0.20840483941759214
30,4,0.93,5.326633165829146,0.21077013764145663
30,4,0.93,5.376884422110553,0.21222967668423115
30,4,0.93,5.42713567839196,0.21571422890740505
30,4,0.93,5.477386934673367,0.22376222790044226
30,4,0.93,5.527638190954774,0.23725558143039438
30,4,0.93,5.577889447236181,0.25521188553243657
30,4,0.93,5.628140703517588,0.2757284910655358
30,4,0.93,5.678391959798995,0.29688837753789404
30,4,0.93,5.728643216080402,0.3231584485272816
30,4,0.93,5.778894472361809,0.3428532568399093
30,4,0.93,5.8291457286432165,0.3535411991257833
30,4,0.93,5.8793969849246235,0.3560031212436628
30,4,0.93,5.9296482412060305,0.358111365630409
30,4,0.93,5.9798994974874375,0.35395052710597597
30,4,0.93,6.030150753768845,0.34373175547946133
30,4,0.93,6.080402010050252,0.32813331852957517
30,4,0.93,6.130653266331659,0.3083019553336886
30,4,0.93,6.180904522613066,0.2858564411761235
30,4,0.93,6.231155778894473,0.2628702891381955
30,4,0.93,6.28140703517588,0.2417520822701121
30,4,0.93,6.331658291457287,0.2248451742468494
30,4,0.93,6.381909547738694,0.21364779339301665
30,4,0.93,6.432160804020101,0.20816581020405187
30,4,0.93,6.482412060301508,0.2072402542283644
30,4,0.93,6.532663316582915,0.20950759103111677
30,4,0.93,6.582914572864322,0.21401218973006816
30,4,0.93,6.633165829145729,0.22042408281331072
30,4,0.93,6.683417085427136,0.2290716094873225
30,4,0.93,6.733668341708543,0.2406309517930542
30,4,0.93,6.78391959798995,0.25539693031660077
30,4,0.93,6.834170854271357,0.27259780623158436
30,4,0.93,6.884422110552764,0.2904034459112461
30,4,0.93,6.934673366834171,0.30652716899476984
30,4,0.93,6.984924623115578,0.31882231183677845
30,4,0.93,7.035175879396985,0.3256018945594017
30,4,0.93,7.085427135678392,0.32574567643497576
30,4,0.93,7.135678391959799,0.3187012055793661
30,4,0.93,7.185929648241206,0.30443352378925115
30,4,0.93,7.236180904522613,0.2833445827090103
30,4,0.93,7.28643216080402,0.25617508099198366
30,4,0.93,7.336683417085427,0.22390602064115434
30,4,0.93,7.386934673366834,0.18768744771876156
30,4,0.93,7.437185929648241,0.14884187476903948
30,4,0.93,7.4874371859296485,0.1090901159456559
30,4,0.93,7.5376884422110555,0.07233163050464372
30,4,0.93,7.5879396984924625,0.06708706408847173
30,4,0.93,7.63819095477387,0.09299800590841226
30,4,0.93,7.688442211055277,0.12502147420856374
30,4,0.93,7.738693467336684,0.15872110404113493
30,4,0.93,7.788944723618091,0.19173167030536253
30,4,0.93,7.839195979899498,0.22244590503659295
30,4,0.93,7.889447236180905,0.24983014490638816
30,4,0.93,7.939698492462312,0.2733503732042343
30,4,0.93,7.989949748743719,0.2928803568068459
30,4,0.93,8.040201005025127,0.308559132136051
30,4,0.93,8.090452261306533,0.3205667413473683
30,4,0.93,8.14070351758794,0.3288455243368005
30,4,0.93,8.190954773869347,0.3329054020481814
30,4,0.93,8.241206030150755,0.33188085913747134
30,4,0.93,8.291457286432161,0.32484630634304285
30,4,0.93,8.341708542713569,0.31122716310148313
30,4,0.93,8.391959798994975,0.2911953839693131
30,4,0.93,8.442211055276383,0.2661668379201967
30,4,0.93,8.492462311557789,0.23975566074513893
30,4,0.93,8.542713567839197,0.21820338130822822
30,4,0.93,8.592964824120603,0.20467696496045842
30,4,0.93,8.643216080402011,0.1955014628473764
30,4,0.93,8.693467336683417,0.18684023249564616
30,4,0.93,8.743718592964825,0.17693093424064413
30,4,0.93,8.793969849246231,0.1654541522930878
30,4,0.93,8.84422110552764,0.16286384042104907
30,4,0.93,8.894472361809045,0.18256503468822022
30,4,0.93,8.944723618090453,0.2064257554366264
30,4,0.93,8.99497487437186,0.22575991284383484
30,4,0.93,9.045226130653267,0.24101040723040698
30,4,0.93,9.095477386934673,0.2533047196086198
30,4,0.93,9.145728643216081,0.26391192597194973
30,4,0.93,9.195979899497488,0.2737847874687773
30,4,0.93,9.246231155778895,0.28329524703215003
30,4,0.93,9.296482412060302,0.29227213731720186
30,4,0.93,9.34673366834171,0.3002346565807861
30,4,0.93,9.396984924623116,0.30660796085042347
30,4,0.93,9.447236180904524,0.3108110622033761
30,4,0.93,9.49748743718593,0.3122648245359146
30,4,0.93,9.547738693467338,0.310433144263364
30,4,0.93,9.597989949748744,0.3049524363153642
30,4,0.93,9.648241206030152,0.29579696397247535
30,4,0.93,9.698492462311558,0.2833804583784278
30,4,0.93,9.748743718592966,0.26853074541464583
30,4,0.93,9.798994974874372,0.2523376493303163
30,4,0.93,9.84924623115578,0.23592794027362884
30,4,0.93,9.899497487437186,0.220265470260522
30,4,0.93,9.949748743718594,0.20620380938546962
30,4,0.93,10.0,0.2116428185700441
30,4,0.97,0.0,3.7973010879534445e-16
30,4,0.97,0.05025125628140704,0.05046311147456888
30,4,0.97,0.10050251256281408,0.09885656025264014
30,4,0.97,0.15075376884422112,0.14414003263581335
30,4,0.97,0.20100502512562815,0.18540700931278017
30,4,0.97,0.2512562814070352,0.22191367517205896
30,4,0.97,0.30150753768844224,0.25312273628556636
30,4,0.97,0.35175879396984927,0.278758406402275
30,4,0.97,0.4020100502512563,0.298862544981649
30,4,0.97,0.45226130653266333,0.31383035077057087
30,4,0.97,0.5025125628140704,0.3243784731565562
30,4,0.97,0.5527638190954774,0.3313623885098165
30,4,0.97,0.6030150753768845,0.33538484031290455
30,4,0.97,0.6532663316582915,0.3363557555253505
30,4,0.97,0.7035175879396985,0.33341711257991513
30,4,0.97,0.7537688442211056,0.3254016236689644
30,4,0.97,0.8040201005025126,0.3114731464429885
30,4,0.97,0.8542713567839196,0.29160117949881625
30,4,0.97,0.9045226130653267,0.26686427228991594
30,4,0.97,0.9547738693467337,0.23968162513847868
30,4,0.97,1.0050251256281408,0.2136777512471181
30,4,0.97,1.0552763819095479,0.19206159779901588
30,4,0.97,1.105527638190955,0.17513268673302634
30,4,0.97,1.155778894472362,0.16131866644314677
30,4,0.97,1.206030150753769,0.1627146154019748
30,4,0.97,1.256281407035176,0.17146092463274884
30,4,0.97,1.306532663316583,0.18960599040467452
30,4,0.97,1.35678391959799,0.21676799713530204
30,4,0.97,1.407035175879397,0.2404030057976243
30,4,0.97,1.4572864321608041,0.2598974707988834
30,4,0.97,1.5075376884422111,0.27585063114318775
30,4,0.97,1.5577889447236182,0.2893527440962584
30,4,0.97,1.6080402010050252,0.3013830555653098
30,4,0.97,1.6582914572864322,0.31237343880442975
30,4,0.97,1.7085427135678393,0.3221414720145896
30,4,0.97,1.7587939698492463,0.33015255294937973
30,4,0.97,1.8090452261306533,0.335847129075986
30,4,0.97,1.8592964824120604,0.33882548625001846
30,4,0.97,1.9095477386934674,0.3388509285209619
30,4,0.97,1.9597989949748744,0.3357450965546399
30,4,0.97,2.0100502512562817,0.3293029399199749
30,4,0.97,2.0603015075376887,0.31933754163234607
30,4,0.97,2.1105527638190957,0.30585458995541925
30,4,0.97,2.1608040201005028,0.2892416153357857
30,4,0.97,2.21105527638191,0.27034913758121576
30,4,0.97,2.261306532663317,0.2504171132163099
30,4,0.97,2.311557788944724,0.23088766375283928
30,4,0.97,2.361809045226131,0.2132771330275226
30,4,0.97,2.412060301507538,0.21806414702249388
30,4,0.97,2.462311557788945,0.22696952791491773
30,4,0.97,2.512562814070352,0.23405388894360685
30,4,0.97,2.562814070351759,0.23806109557480037
30,4,0.97,2.613065326633166,0.24058009930719726
30,4,0.97,2.663316582914573,0.243745310534757
30,4,0.97,2.71356783919598,0.2405453948036167
30,4,0.97,2.763819095477387,0.23200867479778348
30,4,0.97,2.814070351758794,0.21978503818232484
30,4,0.97,2.864321608040201,0.20565947368555657
30,4,0.97,2.9145728643216082,0.19128897585594165
30,4,0.97,2.9648241206030153,0.17937130799881737
30,4,0.97,3.0150753768844223,0.17923686037073244
30,4,0.97,3.0653266331658293,0.202306099325597
30,4,0.97,3.1155778894472363,0.23676978348305716
30,4,0.97,3.1658291457286434,0.2714028975517276
30,4,0.97,3.2160804020100504,0.30143805313702576
30,4,0.97,3.2663316582914574,0.3244434294310512
30,4,0.97,3.3165829145728645,0.3392070075642275
30,4,0.97,3.3668341708542715,0.34550834646483325
30,4,0.97,3.4170854271356785,0.3441121141486491
30,4,0.97,3.4673366834170856,0.33680079287731857
30,4,0.97,3.5175879396984926,0.3262440621642147
30,4,0.97,3.5678391959798996,0.315298940946815
30,4,0.97,3.6180904522613067,0.30559756928736115
30,4,0.97,3.6683417085427137,0.2966487137465657
30,4,0.97,3.7185929648241207,0.28669887049520815
30,4,0.97,3.7688442211055277,0.27423137238998513
30,4,0.97,3.819095477386935,0.25879172962088665
30,4,0.97,3.869346733668342,0.24128462653962457
30,4,0.97,3.919597989949749,0.2241539240497929
30,4,0.97,3.969849246231156,0.21117042670713
30,4,0.97,4.020100502512563,0.20573707743475114
30,4,0.97,4.07035175879397,0.20865862881030445
30,4,0.97,4.120603015075377,0.2187643791326086
30,4,0.97,4.170854271356784,0.23440684110297305
30,4,0.97,4.2211055276381915,0.2534949126851559
30,4,0.97,4.2713567839195985,0.27344576075964006
30,4,0.97,4.3216080402010055,0.29162975342034625
30,4,0.97,4.371859296482413,0.30585494031592664
30,4,0.97,4.42211055276382,0.31462861777721884
30,4,0.97,4.472361809045227,0.3172370259389993
30,4,0.97,4.522613065326634,0.31371458240546923
30,4,0.97,4.572864321608041,0.30469735979546464
30,4,0.97,4.623115577889448,0.2911495155905997
30,4,0.97,4.673366834170855,0.27410471416384663
30,4,0.97,4.723618090452262,0.2546618789646932
30,4,0.97,4.773869346733669,0.2342028663742307
30,4,0.97,4.824120603015076,0.214514904263066
30,4,0.97,4.874371859296483,0.19759013534088596
30,4,0.97,4.92462311557789,0.1850758538451412
30,4,0.97,4.974874371859297,0.18143058541794127
30,4,0.97,5.025125628140704,0.19481879288760542
30,4,0.97,5.075376884422111,0.2058530498399631
30,4,0.97,5.125628140703518,0.21248910896639323
30,4,0.97,5.175879396984925,0.21347165508391883
30,4,0.97,5.226130653266332,0.21158116360505697
30,4,0.97,5.276381909547739,0.21736848842480028
30,4,0.97,5.326633165829146,0.2198355199056052
30,4,0.97,5.376884422110553,0.22135783482118726
30,4,0.97,5.42713567839196,0.22499226025826113
30,4,0.97,5.477386934673367,0.23338640974562253
30,4,0.97,5.527638190954774,0.24746012256718547
30,4,0.97,5.577889447236181,0.2661887408241543
30,4,0.97,5.628140703517588,0.2875877810038384
30,4,0.97,5.678391959798995,0.30965777012016904
30,4,0.97,5.728643216080402,0.3370577366359818
30,4,0.97,5.778894472361809,0.357599633478185
30,4,0.97,5.8291457286432165,0.3687472722064622
30,4,0.97,5.8793969849246235,0.37131508344769126
30,4,0.97,5.9296482412060305,0.3735140050123621
30,4,0.97,5.9798994974874375,0.3691742056911793
30,4,0.97,6.030150753768845,0.3585159170054596
30,4,0.97,6.080402010050252,0.3422465795415998
30,4,0.97,6.130653266331659,0.32156225448782577
30,4,0.97,6.180904522613066,0.29815134187187065
30,4,0.97,6.231155778894473,0.27417653813338666
30,4,0.97,6.28140703517588,0.2521500212924825
30,4,0.97,6.331658291457287,0.2345159344295097
30,4,0.97,6.381909547738694,0.22283694579701735
30,4,0.97,6.432160804020101,0.21711917838487124
30,4,0.97,6.482412060301508,0.21615381355001448
30,4,0.97,6.532663316582915,0.21851867021525065
30,4,0.97,6.582914572864322,0.22321701509480224
30,4,0.97,6.633165829145729,0.22990468852571122
30,4,0.97,6.683417085427136,0.23892415183086313
30,4,0.97,6.733668341708543,0.2509806701497447
30,4,0.97,6.78391959798995,0.2663817445237663
30,4,0.97,6.834170854271357,0.2843224430587492
30,4,0.97,6.884422110552764,0.3028939167031276
30,4,0.97,6.934673366834171,0.3197111332526092
30,4,0.97,6.984924623115578,0.33253509944266146
30,4,0.97,7.035175879396985,0.33960627712109637
30,4,0.97,7.085427135678392,0.33975624316336195
30,4,0.97,7.135678391959799,0.3324087843139625
30,4,0.97,7.185929648241206,0.31752743879093936
30,4,0.97,7.236180904522613,0.2955314464814407
30,4,0.97,7.28643216080402,0.26719336404540234
30,4,0.97,7.336683417085427,0.23353638712034375
30,4,0.97,7.386934673366834,0.19576002611526727
30,4,0.97,7.437185929648241,0.1552436758343746
30,4,0.97,7.4874371859296485,0.1137821639433186
30,4,0.97,7.5376884422110555,0.07544266837581123
30,4,0.97,7.5879396984924625,0.06997252921055658
30,4,0.97,7.63819095477387,0.09699792014103223
30,4,0.97,7.688442211055277,0.13039874191645895
30,4,0.97,7.738693467336684,0.1655478181934418
30,4,0.97,7.788944723618091,0.1999781937593566
30,4,0.97,7.839195979899498,0.2320134708446184
30,4,0.97,7.889447236180905,0.26057552748300705
30,4,0.97,7.939698492462312,0.28510737850334106
30,4,0.97,7.989949748743719,0.30547736140068876
30,4,0.97,8.040201005025127,0.32183049265803165
30,4,0.97,8.090452261306533,0.3343545581795133
30,4,0.97,8.14070351758794,0.3429894178566629
30,4,0.97,8.190954773869347,0.34722391396423224
30,4,0.97,8.241206030150755,0.34615530469177114
30,4,0.97,8.291457286432161,0.3388181904868298
30,4,0.97,8.341708542713569,0.3246132776434825
30,4,0.97,8.391959798994975,0.30371991661315456
30,4,0.97,8.442211055276383,0.27761487395977513
30,4,0.97,8.492462311557789,0.2500677321750376
30,4,0.97,8.542713567839197,0.22758847297739931
30,4,0.97,8.592964824120603,0.21348027528133834
30,4,0.97,8.643216080402011,0.20391012791608076
30,4,0.97,8.693467336683417,0.19487637152771697
30,4,0.97,8.743718592964825,0.18454086689615568
30,4,0.97,8.793969849246231,0.17257045991859699
30,4,0.97,8.84422110552764,0.16986873678324463
30,4,0.97,8.894472361809045,0.19041729424470286
30,4,0.97,8.944723618090453,0.21530428255218023
30,4,0.97,8.99497487437186,0.23547001662206424
30,4,0.97,9.045226130653267,0.2513764462510697
30,4,0.97,9.095477386934673,0.26419954625845293
30,4,0.97,9.145728643216081,0.27526297655138826
30,4,0.97,9.195979899497488,0.2855604772523806
30,4,0.97,9.246231155778895,0.29547998883998455
30,4,0.97,9.296482412060302,0.30484298193299547
30,4,0.97,9.34673366834171,0.31314797514340054
30,4,0.97,9.396984924623116,0.31979540002678564
30,4,0.97,9.447236180904524,0.3241792799325535
30,4,0.97,9.49748743718593,0.32569556967724417
30,4,0.97,9.547738693467338,0.32378510745748706
30,4,0.97,9.597989949748744,0.31806867013537987
30,4,0.97,9.648241206030152,0.3085194140358076
30,4,0.97,9.698492462311558,0.29556886519040315
30,4,0.97,9.748743718592966,0.28008045489484557
30,4,0.97,9.798994974874372,0.2631908815595773
30,4,0.97,9.84924623115578,0.2460753785649678
30,4,0.97,9.899497487437186,0.22973925392764122
30,4,0.97,9.949748743718594,0.21507279043430697
30,4,0.97,10.0,0.22074573549778795
30,4,1.0,0.0,3.920763010130928e-16
30,4,1.0,0.05025125628140704,0.052023826262442084
30,4,1.0,0.10050251256281408,0.10191397964189707
30,4,1.0,0.15075376884422112,0.1485979717894983
30,4,1.0,0.20100502512562815,0.1911412467142063
30,4,1.0,0.2512562814070352,0.22877698471346286
30,4,1.0,0.30150753768844224,0.26095127452120265
30,4,1.0,0.35175879396984927,0.28737980041471645
30,4,1.0,0.4020100502512563,0.30810571647592694
30,4,1.0,0.45226130653266333,0.323536444093372
30,4,1.0,0.5025125628140704,0.334410797068615
30,4,1.0,0.5527638190954774,0.3416107098039344
30,4,1.0,0.6030150753768845,0.34575756733289115
30,4,1.0,0.6532663316582915,0.34675851085087667
30,4,1.0,0.7035175879396985,0.34372898204114966
30,4,1.0,0.7537688442211056,0.33546559141130367
30,4,1.0,0.8040201005025126,0.32110633653916343
30,4,1.0,0.8542713567839196,0.300619772679192
30,4,1.0,0.9045226130653267,0.2751178064844494
30,4,1.0,0.9547738693467337,0.24709445890564818
30,4,1.0,1.0050251256281408,0.22028634149187443
30,4,1.0,1.0552763819095479,0.1980016472154803
30,4,1.0,1.105527638190955,0.18054916158043954
30,4,1.0,1.155778894472362,0.16630790354963587
30,4,1.0,1.206030150753769,0.1677470261876029
30,4,1.0,1.256281407035176,0.17676383982757612
30,4,1.0,1.306532663316583,0.1954700932006954
30,4,1.0,1.35678391959799,0.22347216199515668
30,4,1.0,1.407035175879397,0.2478381503068293
30,4,1.0,1.4572864321608041,0.2679355369060654
30,4,1.0,1.5075376884422111,0.2843820939620494
30,4,1.0,1.5577889447236182,0.2983017980373798
30,4,1.0,1.6080402010050252,0.310704180995165
30,4,1.0,1.6582914572864322,0.3220344729942576
30,4,1.0,1.7085427135678393,0.33210461032431926
30,4,1.0,1.7587939698492463,0.3403634566488452
30,4,1.0,1.8090452261306533,0.3462341536865835
30,4,1.0,1.8592964824120604,0.34930462500001885
30,4,1.0,1.9095477386934674,0.3493308541453215
30,4,1.0,1.9597989949748744,0.3461289655202474
30,4,1.0,2.0100502512562817,0.33948756692780907
30,4,1.0,2.0603015075376887,0.32921396044571766
30,4,1.0,2.1105527638190957,0.31531401026331873
30,4,1.0,2.1608040201005028,0.2981872323049336
30,4,1.0,2.21105527638191,0.2787104511146554
30,4,1.0,2.261306532663317,0.25816197238794836
30,4,1.0,2.311557788944724,0.23802851933282398
30,4,1.0,2.361809045226131,0.21987333301806455
30,4,1.0,2.412060301507538,0.22480839899226157
30,4,1.0,2.462311557788945,0.23398920403599774
30,4,1.0,2.512562814070352,0.24129266901402768
30,4,1.0,2.562814070351759,0.24542380987092813
30,4,1.0,2.613065326633166,0.24802072093525496
30,4,1.0,2.663316582914573,0.25128382529356397
30,4,1.0,2.71356783919598,0.24798494309651214
30,4,1.0,2.763819095477387,0.23918420082245717
30,4,1.0,2.814070351758794,0.22658251359002568
30,4,1.0,2.864321608040201,0.21202007596449146
30,4,1.0,2.9145728643216082,0.1972051297483935
30,4,1.0,2.9648241206030153,0.184918874225585
30,4,1.0,3.0150753768844223,0.1847802684234356
30,4,1.0,3.0653266331658293,0.20856298899546077
30,4,1.0,3.1155778894472363,0.24409256029181142
30,4,1.0,3.1658291457286434,0.2797968015997192
30,4,1.0,3.2160804020100504,0.31076087952270703
30,4,1.0,3.2663316582914574,0.3344777623000528
30,4,1.0,3.3165829145728645,0.3496979459425024
30,4,1.0,3.3668341708542715,0.3561941716132303
30,4,1.0,3.4170854271356785,0.35475475685427715
30,4,1.0,3.4673366834170856,0.3472173122446582
30,4,1.0,3.5175879396984926,0.33633408470537596
30,4,1.0,3.5678391959798996,0.32505045458434534
30,4,1.0,3.6180904522613067,0.31504904050243415
30,4,1.0,3.6683417085427137,0.3058234162335729
30,4,1.0,3.7185929648241207,0.2955658458713485
30,4,1.0,3.7688442211055277,0.2827127550412216
30,4,1.0,3.819095477386935,0.26679559754730575
30,4,1.0,3.869346733668342,0.24874703766971612
30,4,1.0,3.919597989949749,0.23108651963896165
30,4,1.0,3.969849246231156,0.21770147083209265
30,4,1.0,4.020100502512563,0.21210007982964035
30,4,1.0,4.07035175879397,0.2151119884642314
30,4,1.0,4.120603015075377,0.22553028776557588
30,4,1.0,4.170854271356784,0.24165653721955996
30,4,1.0,4.2211055276381915,0.26133496153108854
30,4,1.0,4.2713567839195985,0.2819028461439588
30,4,1.0,4.3216080402010055,0.300649230330254
30,4,1.0,4.371859296482413,0.3153143714597182
30,4,1.0,4.42211055276382,0.3243593997703288
30,4,1.0,4.472361809045227,0.32704848034948375
30,4,1.0,4.522613065326634,0.32341709526337037
30,4,1.0,4.572864321608041,0.31412098947986045
30,4,1.0,4.623115577889448,0.3001541397841234
30,4,1.0,4.673366834170855,0.28258217955035736
30,4,1.0,4.723618090452262,0.26253801955123013
30,4,1.0,4.773869346733669,0.24144625399405223
30,4,1.0,4.824120603015076,0.22114938583821236
30,4,1.0,4.874371859296483,0.20370117045452157
30,4,1.0,4.92462311557789,0.19079984932488783
30,4,1.0,4.974874371859297,0.18704184063705284
30,4,1.0,5.025125628140704,0.20084411637897476
30,4,1.0,5.075376884422111,0.21221963901027113
30,4,1.0,5.125628140703518,0.21906093707875585
30,4,1.0,5.175879396984925,0.22007387122053496
30,4,1.0,5.226130653266332,0.21812491093304853
30,4,1.0,5.276381909547739,0.22409122518020635
30,4,1.0,5.326633165829146,0.22663455660371684
30,4,1.0,5.376884422110553,0.2282039534239044
30,4,1.0,5.42713567839196,0.23195078377140327
30,4,1.0,5.477386934673367,0.24060454612950782
30,4,1.0,5.527638190954774,0.25511352841977886
30,4,1.0,5.577889447236181,0.2744213822929425
30,4,1.0,5.628140703517588,0.2964822484575654
30,4,1.0,5.678391959798995,0.31923481455687525
30,4,1.0,5.728643216080402,0.34748220271750707
30,4,1.0,5.778894472361809,0.36865941595689156
30,4,1.0,5.8291457286432165,0.38015182701697137
30,4,1.0,5.8793969849246235,0.38279905510071266
30,4,1.0,5.9296482412060305,0.3850659845488268
30,4,1.0,5.9798994974874375,0.38059196463008166
30,4,1.0,6.030150753768845,0.36960403814995824
30,4,1.0,6.080402010050252,0.35283152530061834
30,4,1.0,6.130653266331659,0.3315074788534287
30,4,1.0,6.180904522613066,0.30737251739368104
30,4,1.0,6.231155778894473,0.28265622487978015
30,4,1.0,6.28140703517588,0.25994847555926043
30,4,1.0,6.331658291457287,0.2417690045665048
30,4,1.0,6.381909547738694,0.22972881010001794
30,4,1.0,6.432160804020101,0.22383420452048589
30,4,1.0,6.482412060301508,0.22283898304125208
30,4,1.0,6.532663316582915,0.22527697960335133
30,4,1.0,6.582914572864322,0.2301206341183529
30,4,1.0,6.633165829145729,0.23701514281001151
30,4,1.0,6.683417085427136,0.24631355858851878
30,4,1.0,6.733668341708543,0.2587429589172625
30,4,1.0,6.78391959798995,0.2746203551791405
30,4,1.0,6.834170854271357,0.29311592067912295
30,4,1.0,6.884422110552764,0.3122617697970388
30,4,1.0,6.934673366834171,0.329599106445989
30,4,1.0,6.984924623115578,0.34281969014707364
30,4,1.0,7.035175879396985,0.35010956404236737
30,4,1.0,7.085427135678392,0.35026416820965134
30,4,1.0,7.135678391959799,0.3426894683649099
30,4,1.0,7.185929648241206,0.3273478750422054
30,4,1.0,7.236180904522613,0.3046715943107638
30,4,1.0,7.28643216080402,0.27545707633546623
30,4,1.0,7.336683417085427,0.24075916197973576
30,4,1.0,7.386934673366834,0.2018144599126468
30,4,1.0,7.437185929648241,0.16004502663337583
30,4,1.0,7.4874371859296485,0.11730119994156551
30,4,1.0,7.5376884422110555,0.07777594677918678
30,4,1.0,7.5879396984924625,0.07213662805212014
30,4,1.0,7.63819095477387,0.09999785581549708
30,4,1.0,7.688442211055277,0.13443169269738037
30,4,1.0,7.738693467336684,0.17066785380767194
30,4,1.0,7.788944723618091,0.20616308634985223
30,4,1.0,7.839195979899498,0.23918914520063755
30,4,1.0,7.889447236180905,0.2686345644154712
30,4,1.0,7.939698492462312,0.29392513247767116
30,4,1.0,7.989949748743719,0.3149251148460709
30,4,1.0,8.040201005025127,0.3317840130495172
30,4,1.0,8.090452261306533,0.34469542080362187
30,4,1.0,8.14070351758794,0.3535973379965596
30,4,1.0,8.190954773869347,0.3579627979012703
30,4,1.0,8.241206030150755,0.35686113885749604
30,4,1.0,8.291457286432161,0.3492971035946698
30,4,1.0,8.341708542713569,0.3346528635499819
30,4,1.0,8.391959798994975,0.31311331609603565
30,4,1.0,8.442211055276383,0.2862009009894589
30,4,1.0,8.492462311557789,0.2578017857474614
30,4,1.0,8.542713567839197,0.2346272917292776
30,4,1.0,8.592964824120603,0.22008275802199828
30,4,1.0,8.643216080402011,0.21021662671760905
30,4,1.0,8.693467336683417,0.20090347580177007
30,4,1.0,8.743718592964825,0.19024831638778933
30,4,1.0,8.793969849246231,0.17790769063772877
30,4,1.0,8.84422110552764,0.1751224090548914
30,4,1.0,8.894472361809045,0.1963064889120648
30,4,1.0,8.944723618090453,0.22196317788884562
30,4,1.0,8.99497487437186,0.24275259445573633
30,4,1.0,9.045226130653267,0.25915097551656663
30,4,1.0,9.095477386934673,0.27237066624582773
30,4,1.0,9.145728643216081,0.28377626448596743
30,4,1.0,9.195979899497488,0.294392244590083
30,4,1.0,9.246231155778895,0.3046185451958603
30,4,1.0,9.296482412060302,0.3142711153948408
30,4,1.0,9.34673366834171,0.3228329640653614
30,4,1.0,9.396984924623116,0.3296859794090575
30,4,1.0,9.447236180904524,0.3342054432294367
30,4,1.0,9.49748743718593,0.3357686285332415
30,4,1.0,9.547738693467338,0.3337990798530795
30,4,1.0,9.597989949748744,0.32790584550039176
30,4,1.0,9.648241206030152,0.3180612515833067
30,4,1.0,9.698492462311558,0.3047101702993847
30,4,1.0,9.748743718592966,0.2887427370049955
30,4,1.0,9.798994974874372,0.27133080573152296
30,4,1.0,9.84924623115578,0.2536859572834718
30,4,1.0,9.899497487437186,0.23684459167798066
30,4,1.0,9.949748743718594,0.22172452622093505
30,4,1.0,10.0,0.22757292319359576
